,사고번호,사고일시,요일,시군구,사고내용,사망자수,중상자수,경상자수,부상신고자수,사고유형,법규위반,노면상태,기상상태,도로형태,가해운전자 차종,가해운전자 성별,가해운전자 연령,가해운전자 상해정도,피해운전자 차종,피해운전자 성별,피해운전자 연령,피해운전자 상해정도
4926,2020020800100284,2020년 2월 8일 14시,토요일,경상북도 김천시 평화동,경상사고,0,0,1,0,차대사람 - 횡단중,보행자보호의무위반,포장 - 건조,맑음,교차로 - 교차로횡단보도내,화물,남,51세,상해없음,보행자,남,11세,경상
4927,2020020800100453,2020년 2월 8일 19시,토요일,경상북도 영천시 야사동,사망사고,1,0,1,0,차대사람 - 횡단중,과속,포장 - 건조,맑음,단일로 - 기타,이륜,남,16세,경상,보행자,여,63세,사망
4928,2020020800100524,2020년 2월 8일 21시,토요일,경상북도 영천시 북안면,중상사고,0,1,0,0,차대사람 - 기타,안전운전불이행,포장 - 건조,맑음,단일로 - 기타,특수,남,49세,상해없음,보행자,남,24세,중상
4929,2020020800100547,2020년 2월 8일 22시,토요일,경상북도 영주시 휴천동,경상사고,0,0,1,0,차대사람 - 기타,교차로운행방법위반,포장 - 건조,맑음,교차로 - 교차로안,승용,남,34세,상해없음,보행자,남,61세,경상
4930,2020021000100009,2020년 2월 10일 00시,월요일,경상북도 문경시 점촌동,부상신고사고,0,0,0,1,차대사람 - 기타,안전운전불이행,포장 - 건조,맑음,교차로 - 교차로부근,승용,남,38세,상해없음,보행자,남,43세,부상신고
4931,2020021000100364,2020년 2월 10일 15시,월요일,경상북도 경주시 황성동,중상사고,0,1,0,0,차대사람 - 길가장자리구역통행중,안전운전불이행,포장 - 건조,맑음,단일로 - 기타,승용,남,56세,상해없음,보행자,여,60세,중상
4932,2020021000100367,2020년 2월 10일 15시,월요일,경상북도 안동시 북문동,중상사고,0,1,0,0,차대사람 - 횡단중,보행자보호의무위반,포장 - 건조,맑음,단일로 - 기타,승용,여,23세,상해없음,보행자,여,52세,중상
4933,2020021000100410,2020년 2월 10일 16시,월요일,경상북도 포항시 북구 두호동,경상사고,0,0,2,0,차대사람 - 횡단중,보행자보호의무위반,포장 - 건조,맑음,교차로 - 교차로횡단보도내,승용,여,56세,상해없음,보행자,남,44세,경상
4934,2020021000100495,2020년 2월 10일 18시,월요일,경상북도 경산시 압량면,중상사고,0,1,0,0,차대사람 - 횡단중,안전운전불이행,포장 - 건조,맑음,교차로 - 교차로부근,승용,남,50세,상해없음,보행자,남,23세,중상
4935,2020021100100038,2020년 2월 11일 03시,화요일,경상북도 안동시 당북동,경상사고,0,0,1,0,차대사람 - 횡단중,보행자보호의무위반,포장 - 건조,맑음,교차로 - 교차로횡단보도내,승용,남,51세,상해없음,보행자,남,38세,경상
4936,2020021100100382,2020년 2월 11일 16시,화요일,경상북도 포항시 북구 남빈동,경상사고,0,0,1,0,차대사람 - 횡단중,보행자보호의무위반,포장 - 건조,맑음,교차로 - 교차로안,승용,남,63세,상해없음,보행자,여,54세,경상
4937,2020021100100575,2020년 2월 11일 21시,화요일,경상북도 경주시 성동동,중상사고,0,1,0,0,차대사람 - 횡단중,보행자보호의무위반,포장 - 건조,맑음,교차로 - 교차로횡단보도내,승용,여,28세,상해없음,보행자,여,40세,중상
4938,2020021200100031,2020년 2월 12일 02시,수요일,경상북도 포항시 남구 대잠동,중상사고,0,1,0,0,차대사람 - 횡단중,안전운전불이행,포장 - 건조,맑음,교차로 - 교차로안,승용,남,56세,상해없음,보행자,여,30세,중상
4939,2020021200100167,2020년 2월 12일 09시,수요일,경상북도 경산시 중방동,경상사고,0,0,1,0,차대사람 - 횡단중,안전운전불이행,포장 - 젖음/습기,비,단일로 - 기타,승합,남,51세,상해없음,보행자,여,78세,경상
4940,2020021200100240,2020년 2월 12일 12시,수요일,경상북도 포항시 남구 상도동,중상사고,0,1,0,0,차대사람 - 횡단중,중앙선침범,포장 - 젖음/습기,비,교차로 - 교차로부근,승용,남,41세,상해없음,보행자,여,59세,중상
4941,2020021200100275,2020년 2월 12일 13시,수요일,경상북도 성주군 성주읍,경상사고,0,0,1,0,차대사람 - 차도통행중,안전운전불이행,포장 - 건조,맑음,기타 - 기타,이륜,남,46세,상해없음,보행자,남,61세,경상
4942,2020021200100399,2020년 2월 12일 17시,수요일,경상북도 칠곡군 북삼읍,중상사고,0,1,0,0,차대사람 - 길가장자리구역통행중,안전운전불이행,포장 - 젖음/습기,흐림,교차로 - 교차로안,승용,여,47세,상해없음,보행자,여,73세,중상
4943,2020021200100445,2020년 2월 12일 18시,수요일,경상북도 안동시 태화동,경상사고,0,0,1,0,차대사람 - 기타,안전운전불이행,포장 - 젖음/습기,비,단일로 - 기타,승용,남,63세,상해없음,보행자,여,61세,경상
4944,2020021200100547,2020년 2월 12일 20시,수요일,경상북도 경산시 진량읍,경상사고,0,0,2,0,차대사람 - 기타,안전운전불이행,포장 - 건조,맑음,단일로 - 기타,이륜,남,44세,경상,보행자,여,19세,경상
4945,2020021200100548,2020년 2월 12일 20시,수요일,경상북도 포항시 남구 오천읍,경상사고,0,0,1,0,차대사람 - 횡단중,보행자보호의무위반,포장 - 건조,맑음,교차로 - 교차로횡단보도내,승용,남,51세,상해없음,보행자,여,17세,경상
4946,2020021300100029,2020년 2월 13일 04시,목요일,경상북도 김천시 부곡동,중상사고,0,1,0,0,차대사람 - 차도통행중,안전운전불이행,포장 - 건조,맑음,교차로 - 교차로부근,승용,남,60세,상해없음,보행자,여,60세,중상
4947,2020021300100194,2020년 2월 13일 11시,목요일,경상북도 포항시 북구 장성동,중상사고,0,1,0,0,차대사람 - 횡단중,교차로운행방법위반,포장 - 건조,맑음,교차로 - 교차로부근,승용,여,36세,상해없음,보행자,여,83세,중상
4948,2020021300100257,2020년 2월 13일 13시,목요일,경상북도 문경시 모전동,경상사고,0,0,1,0,차대사람 - 보도통행중,안전운전불이행,포장 - 건조,맑음,교차로 - 교차로안,승용,남,38세,상해없음,보행자,여,55세,경상
4949,2020021300100486,2020년 2월 13일 19시,목요일,경상북도 경주시 사정동,중상사고,0,1,0,0,차대사람 - 차도통행중,안전운전불이행,포장 - 건조,맑음,교차로 - 교차로부근,승용,남,46세,상해없음,보행자,남,84세,중상
4950,2020021300100569,2020년 2월 13일 21시,목요일,경상북도 울진군 죽변면,중상사고,0,1,0,0,차대사람 - 기타,안전운전불이행,포장 - 건조,맑음,단일로 - 기타,승용,여,27세,상해없음,보행자,여,63세,중상
4951,2020021300100603,2020년 2월 13일 22시,목요일,경상북도 포항시 남구 대잠동,중상사고,0,1,0,0,차대사람 - 횡단중,보행자보호의무위반,포장 - 건조,맑음,교차로 - 교차로횡단보도내,승용,남,54세,상해없음,보행자,남,50세,중상
4952,2020021400100155,2020년 2월 14일 09시,금요일,경상북도 김천시 성내동,중상사고,0,1,0,0,차대사람 - 횡단중,안전운전불이행,포장 - 건조,맑음,단일로 - 기타,화물,남,66세,상해없음,보행자,남,63세,중상
4953,2020021400100206,2020년 2월 14일 11시,금요일,경상북도 영주시 영주동,중상사고,0,1,0,0,차대사람 - 횡단중,보행자보호의무위반,포장 - 건조,맑음,교차로 - 교차로횡단보도내,승용,남,62세,상해없음,보행자,여,84세,중상
4954,2020021400100223,2020년 2월 14일 12시,금요일,경상북도 경주시 안강읍,중상사고,0,1,0,0,차대사람 - 횡단중,보행자보호의무위반,포장 - 건조,맑음,교차로 - 교차로횡단보도내,승합,여,39세,상해없음,보행자,여,70세,중상
4955,2020021400100267,2020년 2월 14일 13시,금요일,경상북도 안동시 송현동,중상사고,0,1,0,0,차대사람 - 기타,안전운전불이행,포장 - 건조,맑음,단일로 - 기타,화물,남,49세,상해없음,보행자,여,91세,중상
4956,2020021400100483,2020년 2월 14일 18시,금요일,경상북도 포항시 남구 오천읍,중상사고,0,1,0,0,차대사람 - 기타,보행자보호의무위반,포장 - 건조,맑음,교차로 - 교차로횡단보도내,이륜,남,36세,상해없음,보행자,남,64세,중상
4957,2020021400100568,2020년 2월 14일 20시,금요일,경상북도 칠곡군 왜관읍,중상사고,0,1,0,0,차대사람 - 길가장자리구역통행중,안전운전불이행,포장 - 건조,맑음,교차로 - 교차로부근,승용,여,44세,상해없음,보행자,남,62세,중상
4958,2020021500100038,2020년 2월 15일 01시,토요일,경상북도 안동시 옥동,경상사고,0,0,1,0,차대사람 - 횡단중,보행자보호의무위반,포장 - 건조,맑음,단일로 - 기타,승용,여,49세,상해없음,보행자,남,23세,경상
4959,2020021500100189,2020년 2월 15일 11시,토요일,경상북도 경산시 조영동,경상사고,0,0,1,0,차대사람 - 횡단중,보행자보호의무위반,포장 - 건조,맑음,교차로 - 교차로횡단보도내,승용,남,21세,상해없음,보행자,여,29세,경상
4960,2020021500100343,2020년 2월 15일 16시,토요일,경상북도 김천시 황금동,경상사고,0,0,1,0,차대사람 - 횡단중,안전운전불이행,포장 - 건조,맑음,교차로 - 교차로안,화물,남,51세,상해없음,보행자,여,79세,경상
4961,2020021500100422,2020년 2월 15일 18시,토요일,경상북도 포항시 북구 청하면,중상사고,0,1,0,0,차대사람 - 길가장자리구역통행중,안전운전불이행,포장 - 건조,맑음,단일로 - 기타,화물,남,31세,상해없음,보행자,여,50세,중상
4962,2020021500100423,2020년 2월 15일 18시,토요일,경상북도 영주시 휴천동,사망사고,1,0,0,0,차대사람 - 기타,안전운전불이행,포장 - 건조,흐림,교차로 - 교차로안,화물,남,48세,상해없음,보행자,여,81세,사망
4963,2020021500100426,2020년 2월 15일 18시,토요일,경상북도 구미시 형곡동,경상사고,0,0,1,0,차대사람 - 기타,안전운전불이행,포장 - 건조,맑음,단일로 - 기타,이륜,남,49세,경상,보행자,여,82세,상해없음
4964,2020021500100496,2020년 2월 15일 20시,토요일,경상북도 포항시 북구 죽도동,중상사고,0,1,0,0,차대사람 - 보도통행중,안전운전불이행,포장 - 건조,맑음,단일로 - 기타,승용,남,63세,기타불명,보행자,여,68세,중상
4965,2020021600100110,2020년 2월 16일 05시,일요일,경상북도 경주시 동천동,경상사고,0,0,1,0,차대사람 - 기타,안전운전불이행,포장 - 건조,맑음,단일로 - 기타,승용,남,24세,상해없음,보행자,남,57세,경상
4966,2020021600100261,2020년 2월 16일 14시,일요일,경상북도 경주시 황성동,중상사고,0,1,0,0,차대사람 - 차도통행중,안전운전불이행,포장 - 건조,맑음,교차로 - 교차로부근,이륜,남,46세,상해없음,보행자,남,24세,중상
4967,2020021600100286,2020년 2월 16일 15시,일요일,경상북도 영덕군 강구면,경상사고,0,0,1,0,차대사람 - 차도통행중,안전운전불이행,포장 - 건조,맑음,단일로 - 기타,승용,여,53세,상해없음,보행자,여,37세,경상
4968,2020021600100287,2020년 2월 16일 15시,일요일,경상북도 구미시 상모동,중상사고,0,1,0,0,차대사람 - 기타,안전운전불이행,포장 - 젖음/습기,흐림,주차장 - 주차장,승용,여,36세,상해없음,보행자,남,80세,중상
4969,2020021600100409,2020년 2월 16일 19시,일요일,경상북도 포항시 북구 흥해읍,중상사고,0,2,0,0,차대사람 - 횡단중,보행자보호의무위반,포장 - 건조,맑음,교차로 - 교차로횡단보도내,승용,여,47세,상해없음,보행자,남,38세,중상
4970,2020021700100210,2020년 2월 17일 11시,월요일,경상북도 경산시 진량읍,경상사고,0,0,1,0,차대사람 - 횡단중,안전운전불이행,포장 - 건조,맑음,기타 - 기타,승용,남,57세,상해없음,보행자,여,31세,경상
4971,2020021700100286,2020년 2월 17일 13시,월요일,경상북도 경산시 백천동,부상신고사고,0,0,0,1,차대사람 - 기타,기타,포장 - 건조,맑음,단일로 - 기타,승합,남,57세,상해없음,보행자,여,72세,부상신고
4972,2020021700100290,2020년 2월 17일 13시,월요일,경상북도 구미시 원평동,중상사고,0,1,0,0,차대사람 - 기타,안전운전불이행,포장 - 건조,맑음,교차로 - 교차로안,승합,남,62세,상해없음,보행자,여,28세,중상
4973,2020021700100332,2020년 2월 17일 14시,월요일,경상북도 상주시 남성동,중상사고,0,1,0,0,차대사람 - 횡단중,안전운전불이행,포장 - 건조,맑음,교차로 - 교차로안,이륜,남,57세,상해없음,보행자,여,88세,중상
4974,2020021700100497,2020년 2월 17일 18시,월요일,경상북도 경주시 동천동,경상사고,0,0,1,0,차대사람 - 차도통행중,보행자보호의무위반,포장 - 건조,맑음,단일로 - 기타,승용,남,42세,상해없음,보행자,남,10세,경상
4975,2020021800100045,2020년 2월 18일 05시,화요일,경상북도 포항시 북구 용흥동,중상사고,0,1,0,0,차대사람 - 기타,안전운전불이행,포장 - 건조,맑음,교차로 - 교차로안,승용,남,52세,상해없음,보행자,남,40세,중상
4976,2020021800100346,2020년 2월 18일 14시,화요일,경상북도 영주시 휴천동,경상사고,0,0,1,0,차대사람 - 기타,안전운전불이행,포장 - 건조,맑음,교차로 - 교차로부근,승용,남,42세,상해없음,보행자,여,79세,경상
4977,2020021800100348,2020년 2월 18일 14시,화요일,경상북도 구미시 진평동,경상사고,0,0,1,0,차대사람 - 횡단중,보행자보호의무위반,포장 - 건조,맑음,교차로 - 교차로횡단보도내,화물,남,59세,상해없음,보행자,여,51세,경상
4978,2020021800100383,2020년 2월 18일 15시,화요일,경상북도 포항시 북구 양덕동,경상사고,0,0,1,0,차대사람 - 차도통행중,안전운전불이행,포장 - 건조,맑음,단일로 - 기타,승용,남,77세,상해없음,보행자,남,22세,경상
4979,2020021900100225,2020년 2월 19일 11시,수요일,경상북도 김천시 평화동,경상사고,0,0,1,0,차대사람 - 보도통행중,안전운전불이행,포장 - 건조,맑음,교차로 - 교차로안,화물,남,60세,상해없음,보행자,여,35세,경상
4980,2020021900100257,2020년 2월 19일 12시,수요일,경상북도 김천시 모암동,경상사고,0,0,1,0,차대사람 - 기타,안전운전불이행,포장 - 건조,맑음,단일로 - 기타,승용,남,68세,상해없음,보행자,여,44세,경상
4981,2020021900100290,2020년 2월 19일 13시,수요일,경상북도 김천시 황금동,중상사고,0,1,0,0,차대사람 - 횡단중,보행자보호의무위반,포장 - 건조,맑음,단일로 - 기타,승용,남,56세,상해없음,보행자,남,61세,중상
4982,2020021900100376,2020년 2월 19일 15시,수요일,경상북도 경주시 안강읍,사망사고,1,0,7,1,차대사람 - 기타,안전운전불이행,포장 - 건조,맑음,교차로 - 교차로부근,승용,남,38세,부상신고,보행자,여,52세,사망
4983,2020021900100466,2020년 2월 19일 17시,수요일,경상북도 안동시 신안동,부상신고사고,0,0,0,1,차대사람 - 차도통행중,안전운전불이행,포장 - 건조,맑음,기타 - 기타,자전거,남,73세,상해없음,보행자,남,44세,부상신고
4984,2020022000100376,2020년 2월 20일 15시,목요일,경상북도 문경시 점촌동,경상사고,0,0,1,0,차대사람 - 횡단중,보행자보호의무위반,포장 - 건조,맑음,교차로 - 교차로안,승용,남,72세,기타불명,보행자,남,18세,경상
4985,2020022000100514,2020년 2월 20일 18시,목요일,경상북도 경산시 중방동,경상사고,0,0,1,0,차대사람 - 횡단중,보행자보호의무위반,포장 - 건조,맑음,교차로 - 교차로횡단보도내,승용,여,47세,상해없음,보행자,여,84세,경상
4986,2020022000100568,2020년 2월 20일 19시,목요일,경상북도 경주시 동부동,중상사고,0,1,0,0,차대사람 - 횡단중,안전운전불이행,포장 - 건조,맑음,교차로 - 교차로부근,이륜,남,47세,상해없음,보행자,여,49세,중상
4987,2020022100100112,2020년 2월 21일 07시,금요일,경상북도 경산시 중방동,중상사고,0,1,0,0,차대사람 - 횡단중,신호위반,포장 - 건조,맑음,교차로 - 교차로횡단보도내,화물,남,39세,상해없음,보행자,여,49세,중상
4988,2020022100100185,2020년 2월 21일 09시,금요일,경상북도 포항시 북구 기계면,사망사고,1,0,0,0,차대사람 - 차도통행중,안전운전불이행,포장 - 건조,맑음,단일로 - 기타,화물,남,67세,상해없음,보행자,남,87세,사망
4989,2020022100100362,2020년 2월 21일 15시,금요일,경상북도 구미시 고아읍,중상사고,0,1,0,0,차대사람 - 기타,안전운전불이행,포장 - 건조,맑음,단일로 - 기타,승용,남,55세,상해없음,보행자,남,48세,중상
4990,2020022100100431,2020년 2월 21일 17시,금요일,경상북도 상주시 남성동,경상사고,0,0,1,0,차대사람 - 기타,보행자보호의무위반,포장 - 건조,맑음,교차로 - 교차로횡단보도내,화물,남,61세,상해없음,보행자,남,73세,경상
4991,2020022200100164,2020년 2월 22일 10시,토요일,경상북도 성주군 성주읍,경상사고,0,0,1,0,차대사람 - 기타,안전운전불이행,포장 - 건조,맑음,단일로 - 기타,승용,남,66세,상해없음,보행자,남,31세,경상
4992,2020022200100453,2020년 2월 22일 21시,토요일,경상북도 경주시 용강동,중상사고,0,1,0,0,차대사람 - 차도통행중,안전운전불이행,포장 - 건조,맑음,주차장 - 주차장,승용,남,66세,상해없음,보행자,남,40세,중상
4993,2020022200100455,2020년 2월 22일 21시,토요일,경상북도 문경시 산북면,사망사고,1,0,0,0,차대사람 - 차도통행중,과속,포장 - 건조,맑음,단일로 - 기타,승용,남,48세,상해없음,보행자,남,63세,사망
4994,2020022400100214,2020년 2월 24일 12시,월요일,경상북도 의성군 의성읍,경상사고,0,0,1,0,차대사람 - 보도통행중,기타,포장 - 건조,맑음,기타 - 기타,승용,남,39세,기타불명,보행자,남,24세,경상
4995,2020022400100240,2020년 2월 24일 13시,월요일,경상북도 영양군 영양읍,중상사고,0,1,0,0,차대사람 - 길가장자리구역통행중,안전운전불이행,포장 - 건조,맑음,교차로 - 교차로부근,화물,남,75세,상해없음,보행자,여,79세,중상
4996,2020022400100428,2020년 2월 24일 19시,월요일,경상북도 구미시 임은동,중상사고,0,1,0,0,차대사람 - 횡단중,보행자보호의무위반,포장 - 건조,맑음,교차로 - 교차로횡단보도내,승용,남,66세,상해없음,보행자,여,55세,중상
4997,2020022500100159,2020년 2월 25일 10시,화요일,경상북도 구미시 도개면,중상사고,0,1,0,0,차대사람 - 횡단중,안전운전불이행,포장 - 젖음/습기,비,교차로 - 교차로안,승용,남,73세,상해없음,보행자,남,59세,중상
4998,2020022600100017,2020년 2월 26일 01시,수요일,경상북도 경주시 서부동,중상사고,0,1,0,0,차대사람 - 횡단중,보행자보호의무위반,포장 - 젖음/습기,비,단일로 - 기타,승용,남,23세,상해없음,보행자,남,47세,중상
4999,2020022600100172,2020년 2월 26일 11시,수요일,경상북도 구미시 봉곡동,중상사고,0,1,0,0,차대사람 - 기타,안전운전불이행,포장 - 건조,맑음,단일로 - 기타,화물,남,44세,상해없음,보행자,남,60세,중상
5000,2020022600100338,2020년 2월 26일 18시,수요일,경상북도 안동시 옥동,중상사고,0,1,0,0,차대사람 - 기타,기타,포장 - 건조,맑음,단일로 - 기타,이륜,남,20세,상해없음,보행자,남,35세,중상
5001,2020022700100112,2020년 2월 27일 08시,목요일,경상북도 김천시 율곡동,경상사고,0,0,1,0,차대사람 - 횡단중,신호위반,포장 - 건조,맑음,교차로 - 교차로횡단보도내,승용,남,60세,상해없음,보행자,여,40세,경상
5002,2020022700100167,2020년 2월 27일 11시,목요일,경상북도 경주시 양남면,경상사고,0,0,1,0,차대사람 - 길가장자리구역통행중,안전운전불이행,포장 - 건조,맑음,단일로 - 기타,특수,남,38세,상해없음,보행자,여,79세,경상
5003,2020022800100077,2020년 2월 28일 08시,금요일,경상북도 구미시 송정동,경상사고,0,0,1,0,차대사람 - 횡단중,보행자보호의무위반,포장 - 건조,맑음,교차로 - 교차로부근,승용,남,64세,상해없음,보행자,여,35세,경상
5004,2020022800100250,2020년 2월 28일 16시,금요일,경상북도 경산시 중산동,경상사고,0,0,1,0,차대사람 - 보도통행중,기타,포장 - 젖음/습기,비,단일로 - 기타,이륜,남,30세,상해없음,보행자,여,55세,경상
5005,2020022900100325,2020년 2월 29일 19시,토요일,경상북도 칠곡군 왜관읍,중상사고,0,1,0,0,차대사람 - 기타,안전운전불이행,포장 - 건조,기타,단일로 - 기타,승용,남,61세,상해없음,보행자,남,66세,중상
5006,2020030100100276,2020년 3월 1일 22시,일요일,경상북도 포항시 남구 상도동,부상신고사고,0,0,0,1,차대사람 - 기타,안전운전불이행,포장 - 건조,맑음,교차로 - 교차로부근,승용,남,51세,상해없음,보행자,남,44세,부상신고
5007,2020030200100235,2020년 3월 2일 14시,월요일,경상북도 구미시 장천면,경상사고,0,0,1,0,차대사람 - 기타,안전운전불이행,포장 - 건조,맑음,단일로 - 기타,승용,남,63세,상해없음,보행자,여,60세,경상
5008,2020030200100285,2020년 3월 2일 16시,월요일,경상북도 경산시 옥산동,중상사고,0,1,0,0,차대사람 - 횡단중,안전운전불이행,포장 - 건조,맑음,교차로 - 교차로안,승용,남,38세,상해없음,보행자,남,55세,중상
5009,2020030300100151,2020년 3월 3일 11시,화요일,경상북도 울진군 죽변면,경상사고,0,0,1,0,차대사람 - 기타,안전운전불이행,포장 - 건조,맑음,단일로 - 교량,승용,여,59세,상해없음,보행자,여,67세,경상
5010,2020030300100356,2020년 3월 3일 20시,화요일,경상북도 경주시 황성동,중상사고,0,1,0,0,차대사람 - 횡단중,보행자보호의무위반,포장 - 건조,맑음,교차로 - 교차로횡단보도내,승용,여,21세,상해없음,보행자,여,73세,중상
5011,2020030400100176,2020년 3월 4일 13시,수요일,경상북도 구미시 옥계동,경상사고,0,0,1,0,차대사람 - 기타,안전운전불이행,포장 - 건조,맑음,주차장 - 주차장,승용,여,62세,기타불명,보행자,여,70세,경상
5012,2020030400100247,2020년 3월 4일 16시,수요일,경상북도 포항시 남구 오천읍,경상사고,0,0,1,0,차대사람 - 기타,안전운전불이행,포장 - 건조,맑음,단일로 - 기타,승용,남,22세,상해없음,보행자,여,64세,경상
5013,2020030400100280,2020년 3월 4일 17시,수요일,경상북도 포항시 북구 창포동,경상사고,0,0,1,0,차대사람 - 기타,기타,포장 - 건조,맑음,단일로 - 기타,승용,여,67세,상해없음,보행자,남,41세,경상
5014,2020030400100306,2020년 3월 4일 18시,수요일,경상북도 구미시 원평동,중상사고,0,1,0,0,차대사람 - 횡단중,보행자보호의무위반,포장 - 건조,맑음,교차로 - 교차로안,승용,남,36세,상해없음,보행자,남,23세,중상
5015,2020030500100105,2020년 3월 5일 08시,목요일,경상북도 구미시 인의동,경상사고,0,0,1,0,차대사람 - 기타,안전운전불이행,포장 - 건조,맑음,단일로 - 기타,승용,남,33세,상해없음,보행자,여,28세,경상
5016,2020030500100272,2020년 3월 5일 15시,목요일,경상북도 봉화군 봉성면,사망사고,1,0,0,0,차대사람 - 길가장자리구역통행중,안전운전불이행,포장 - 건조,맑음,단일로 - 기타,화물,남,67세,상해없음,보행자,남,66세,사망
5017,2020030500100317,2020년 3월 5일 17시,목요일,경상북도 구미시 고아읍,중상사고,0,1,0,0,차대사람 - 횡단중,보행자보호의무위반,포장 - 건조,맑음,교차로 - 교차로횡단보도내,승용,남,31세,기타불명,보행자,남,55세,중상
5018,2020030500100452,2020년 3월 5일 21시,목요일,경상북도 영덕군 영덕읍,경상사고,0,0,1,0,차대사람 - 차도통행중,안전운전불이행,포장 - 건조,맑음,교차로 - 교차로부근,화물,남,73세,기타불명,보행자,남,38세,경상
5019,2020030600100278,2020년 3월 6일 14시,금요일,경상북도 포항시 남구 오천읍,경상사고,0,0,1,0,차대사람 - 차도통행중,안전운전불이행,포장 - 건조,맑음,교차로 - 교차로부근,승용,남,59세,상해없음,보행자,여,43세,경상
5020,2020030600100346,2020년 3월 6일 16시,금요일,경상북도 구미시 원평동,경상사고,0,0,1,0,차대사람 - 횡단중,신호위반,포장 - 건조,맑음,단일로 - 기타,승용,남,29세,상해없음,보행자,남,69세,경상
5021,2020030600100438,2020년 3월 6일 18시,금요일,경상북도 포항시 북구 죽도동,부상신고사고,0,0,0,1,차대사람 - 기타,안전운전불이행,포장 - 건조,맑음,단일로 - 기타,승용,남,46세,상해없음,보행자,여,31세,부상신고
5022,2020030600100440,2020년 3월 6일 18시,금요일,경상북도 안동시 북후면,경상사고,0,0,1,0,차대사람 - 기타,안전운전불이행,포장 - 기타,맑음,단일로 - 기타,승용,여,71세,상해없음,보행자,여,61세,경상
5023,2020030700100075,2020년 3월 7일 07시,토요일,경상북도 영덕군 남정면,중상사고,0,1,0,0,차대사람 - 횡단중,안전운전불이행,포장 - 건조,흐림,단일로 - 기타,화물,남,66세,상해없음,보행자,남,85세,중상
5024,2020030700100222,2020년 3월 7일 14시,토요일,경상북도 안동시 법흥동,중상사고,0,1,0,0,차대사람 - 기타,안전운전불이행,포장 - 건조,맑음,단일로 - 기타,건설기계,남,55세,상해없음,보행자,남,58세,중상
5025,2020030700100223,2020년 3월 7일 14시,토요일,경상북도 문경시 점촌동,경상사고,0,0,1,0,차대사람 - 횡단중,안전운전불이행,포장 - 건조,맑음,교차로 - 교차로안,승용,여,53세,상해없음,보행자,여,68세,경상
5026,2020030800100046,2020년 3월 8일 04시,일요일,경상북도 구미시 진평동,중상사고,0,1,0,0,차대사람 - 기타,안전운전불이행,포장 - 건조,맑음,교차로 - 교차로부근,승용,남,31세,상해없음,보행자,남,38세,중상
5027,2020030800100149,2020년 3월 8일 13시,일요일,경상북도 영천시 금호읍,경상사고,0,0,1,0,차대사람 - 길가장자리구역통행중,안전운전불이행,포장 - 건조,맑음,단일로 - 기타,자전거,남,56세,상해없음,보행자,남,76세,경상
5028,2020030800100369,2020년 3월 8일 23시,일요일,경상북도 문경시 모전동,중상사고,0,1,0,0,차대사람 - 보도통행중,중앙선침범,포장 - 건조,맑음,기타 - 기타,승용,남,27세,상해없음,보행자,여,70세,중상
5029,2020030900100159,2020년 3월 9일 10시,월요일,경상북도 구미시 원평동,경상사고,0,0,1,0,차대사람 - 횡단중,안전운전불이행,포장 - 건조,맑음,교차로 - 교차로안,승용,여,55세,상해없음,보행자,여,48세,경상
5030,2020030900100188,2020년 3월 9일 11시,월요일,경상북도 고령군 성산면,중상사고,0,1,0,0,차대사람 - 횡단중,보행자보호의무위반,포장 - 건조,맑음,교차로 - 교차로부근,승용,남,68세,상해없음,보행자,여,82세,중상
5031,2020030900100245,2020년 3월 9일 13시,월요일,경상북도 경주시 용강동,경상사고,0,0,1,0,차대사람 - 보도통행중,보행자보호의무위반,포장 - 건조,맑음,단일로 - 기타,화물,남,48세,상해없음,보행자,여,24세,경상
5032,2020030900100421,2020년 3월 9일 19시,월요일,경상북도 청송군 진보면,사망사고,1,0,0,0,차대사람 - 횡단중,안전운전불이행,포장 - 건조,흐림,단일로 - 지하차도(도로)내,승용,남,29세,상해없음,보행자,남,66세,사망