,사고번호,사고일시,요일,시군구,사고내용,사망자수,중상자수,경상자수,부상신고자수,사고유형,법규위반,노면상태,기상상태,도로형태,가해운전자 차종,가해운전자 성별,가해운전자 연령,가해운전자 상해정도,피해운전자 차종,피해운전자 성별,피해운전자 연령,피해운전자 상해정도
5248,2020050200100290,2020년 5월 2일 14시,토요일,경상북도 영천시 야사동,중상사고,0,1,0,0,차대사람 - 기타,안전운전불이행,포장 - 건조,맑음,단일로 - 기타,화물,남,74세,상해없음,보행자,여,84세,중상
5249,2020050200100480,2020년 5월 2일 20시,토요일,경상북도 영천시 망정동,경상사고,0,0,1,0,차대사람 - 횡단중,안전운전불이행,포장 - 건조,맑음,단일로 - 기타,승용,남,59세,상해없음,보행자,여,47세,경상
5250,2020050200100512,2020년 5월 2일 21시,토요일,경상북도 포항시 남구 구룡포읍,경상사고,0,0,1,0,차대사람 - 기타,불법유턴,포장 - 건조,맑음,단일로 - 기타,화물,남,42세,상해없음,보행자,여,62세,경상
5251,2020050300100398,2020년 5월 3일 21시,일요일,경상북도 포항시 북구 장성동,중상사고,0,1,0,0,차대사람 - 횡단중,보행자보호의무위반,포장 - 건조,맑음,교차로 - 교차로횡단보도내,승용,남,35세,상해없음,보행자,여,51세,중상
5252,2020050400100118,2020년 5월 4일 09시,월요일,경상북도 영덕군 영해면,중상사고,0,1,0,0,차대사람 - 횡단중,직진우회전진행방해,포장 - 건조,맑음,교차로 - 교차로안,화물,남,68세,상해없음,보행자,남,83세,중상
5253,2020050400100193,2020년 5월 4일 11시,월요일,경상북도 경주시 노동동,중상사고,0,1,0,0,차대사람 - 횡단중,보행자보호의무위반,포장 - 건조,맑음,교차로 - 교차로횡단보도내,승용,남,68세,상해없음,보행자,여,24세,중상
5254,2020050400100453,2020년 5월 4일 17시,월요일,경상북도 칠곡군 왜관읍,중상사고,0,1,0,0,차대사람 - 길가장자리구역통행중,안전운전불이행,포장 - 건조,맑음,단일로 - 기타,화물,남,64세,상해없음,보행자,남,62세,중상
5255,2020050400100555,2020년 5월 4일 19시,월요일,경상북도 포항시 북구 환호동,중상사고,0,1,0,0,차대사람 - 횡단중,보행자보호의무위반,포장 - 건조,맑음,교차로 - 교차로횡단보도내,승용,남,49세,상해없음,보행자,남,37세,중상
5256,2020050400100557,2020년 5월 4일 19시,월요일,경상북도 청송군 청송읍,중상사고,0,1,0,0,차대사람 - 횡단중,안전운전불이행,포장 - 건조,맑음,단일로 - 지하차도(도로)내,승용,남,71세,상해없음,보행자,남,60세,중상
5257,2020050400100665,2020년 5월 4일 23시,월요일,경상북도 포항시 남구 오천읍,중상사고,0,1,0,0,차대사람 - 차도통행중,안전운전불이행,포장 - 건조,맑음,기타 - 기타,승용,남,25세,상해없음,보행자,남,55세,중상
5258,2020050500100231,2020년 5월 5일 15시,화요일,경상북도 영주시 상망동,경상사고,0,0,1,0,차대사람 - 횡단중,안전운전불이행,포장 - 젖음/습기,비,단일로 - 기타,승용,여,47세,상해없음,보행자,여,19세,경상
5259,2020050500100383,2020년 5월 5일 20시,화요일,경상북도 구미시 원평동,경상사고,0,0,1,0,차대사람 - 기타,안전운전불이행,포장 - 건조,맑음,기타 - 기타,승용,여,20세,상해없음,보행자,남,23세,경상
5260,2020050600100165,2020년 5월 6일 10시,수요일,경상북도 김천시 평화동,중상사고,0,1,0,0,차대사람 - 횡단중,보행자보호의무위반,포장 - 건조,맑음,단일로 - 기타,승용,남,71세,상해없음,보행자,여,73세,중상
5261,2020050600100279,2020년 5월 6일 13시,수요일,경상북도 김천시 부곡동,중상사고,0,1,0,0,차대사람 - 횡단중,안전운전불이행,포장 - 건조,맑음,단일로 - 기타,승용,남,61세,상해없음,보행자,여,74세,중상
5262,2020050600100411,2020년 5월 6일 16시,수요일,경상북도 포항시 북구 우현동,중상사고,0,1,0,0,차대사람 - 횡단중,보행자보호의무위반,포장 - 건조,맑음,교차로 - 교차로횡단보도내,승용,여,57세,상해없음,보행자,여,51세,중상
5263,2020050600100470,2020년 5월 6일 17시,수요일,경상북도 경산시 중방동,경상사고,0,0,1,0,차대사람 - 길가장자리구역통행중,안전운전불이행,포장 - 건조,맑음,단일로 - 기타,승용,남,65세,기타불명,보행자,남,58세,경상
5264,2020050600100597,2020년 5월 6일 20시,수요일,경상북도 봉화군 봉화읍,중상사고,0,1,0,0,차대사람 - 기타,안전운전불이행,포장 - 건조,맑음,주차장 - 주차장,승용,남,36세,상해없음,보행자,남,62세,중상
5265,2020050700100168,2020년 5월 7일 09시,목요일,경상북도 김천시 봉산면,사망사고,1,0,0,0,차대사람 - 길가장자리구역통행중,안전운전불이행,포장 - 건조,맑음,단일로 - 기타,승용,남,52세,상해없음,보행자,여,72세,사망
5266,2020050700100248,2020년 5월 7일 11시,목요일,경상북도 경주시 천북면,경상사고,0,0,1,0,차대사람 - 차도통행중,안전운전불이행,포장 - 건조,맑음,주차장 - 주차장,승용,남,69세,상해없음,보행자,남,47세,경상
5267,2020050700100401,2020년 5월 7일 15시,목요일,경상북도 상주시 낙양동,중상사고,0,1,0,0,차대사람 - 기타,기타,포장 - 건조,맑음,단일로 - 기타,승용,남,58세,상해없음,보행자,여,75세,중상
5268,2020050700100441,2020년 5월 7일 16시,목요일,경상북도 성주군 성주읍,경상사고,0,0,1,0,차대사람 - 기타,안전운전불이행,포장 - 건조,맑음,주차장 - 주차장,승용,남,70세,기타불명,보행자,남,55세,경상
5269,2020050800100129,2020년 5월 8일 09시,금요일,경상북도 경주시 노서동,중상사고,0,1,0,0,차대사람 - 차도통행중,안전운전불이행,포장 - 건조,맑음,단일로 - 지하차도(도로)내,승용,여,68세,상해없음,보행자,여,65세,중상
5270,2020050800100197,2020년 5월 8일 11시,금요일,경상북도 성주군 월항면,중상사고,0,1,0,0,차대사람 - 기타,안전운전불이행,포장 - 건조,맑음,교차로 - 교차로안,화물,남,34세,상해없음,보행자,여,77세,중상
5271,2020050800100418,2020년 5월 8일 17시,금요일,경상북도 구미시 공단동,경상사고,0,0,1,0,차대사람 - 횡단중,안전운전불이행,포장 - 건조,맑음,교차로 - 교차로부근,화물,남,55세,상해없음,보행자,여,30세,경상
5272,2020050800100514,2020년 5월 8일 19시,금요일,경상북도 칠곡군 지천면,중상사고,0,1,0,0,차대사람 - 횡단중,안전운전불이행,포장 - 건조,맑음,단일로 - 기타,화물,남,57세,상해없음,보행자,남,67세,중상
5273,2020050800100747,2020년 5월 8일 23시,금요일,경상북도 포항시 북구 죽도동,중상사고,0,1,0,0,차대사람 - 차도통행중,안전운전불이행,포장 - 젖음/습기,맑음,단일로 - 기타,승용,남,55세,상해없음,보행자,남,77세,중상
5274,2020050900100068,2020년 5월 9일 02시,토요일,경상북도 울진군 죽변면,경상사고,0,0,1,0,차대사람 - 기타,보행자보호의무위반,포장 - 젖음/습기,비,교차로 - 교차로안,화물,남,62세,상해없음,보행자,남,44세,경상
5275,2020050900100154,2020년 5월 9일 09시,토요일,경상북도 경산시 와촌면,중상사고,0,1,0,0,차대사람 - 차도통행중,안전운전불이행,포장 - 젖음/습기,비,단일로 - 기타,승용,여,49세,상해없음,보행자,여,73세,중상
5276,2020050900100177,2020년 5월 9일 10시,토요일,경상북도 칠곡군 왜관읍,경상사고,0,0,1,0,차대사람 - 기타,안전운전불이행,포장 - 젖음/습기,비,단일로 - 기타,기타불명,여,39세,상해없음,보행자,여,54세,경상
5277,2020050900100313,2020년 5월 9일 14시,토요일,경상북도 봉화군 봉화읍,경상사고,0,0,1,0,차대사람 - 횡단중,중앙선침범,포장 - 젖음/습기,비,기타 - 기타,승용,여,54세,상해없음,보행자,여,48세,경상
5278,2020050900100476,2020년 5월 9일 19시,토요일,경상북도 안동시 풍천면,중상사고,0,1,0,0,차대사람 - 차도통행중,안전운전불이행,포장 - 젖음/습기,비,단일로 - 기타,승용,여,48세,상해없음,보행자,여,84세,중상
5279,2020050900100580,2020년 5월 9일 22시,토요일,경상북도 성주군 용암면,경상사고,0,0,1,0,차대사람 - 횡단중,안전운전불이행,포장 - 젖음/습기,비,단일로 - 기타,승용,여,30세,기타불명,보행자,여,51세,경상
5280,2020051000100028,2020년 5월 10일 01시,일요일,경상북도 포항시 남구 구룡포읍,경상사고,0,0,1,0,차대사람 - 횡단중,안전운전불이행,포장 - 건조,맑음,단일로 - 기타,승용,남,29세,상해없음,보행자,남,31세,경상
5281,2020051000100040,2020년 5월 10일 02시,일요일,경상북도 울진군 북면,사망사고,1,2,0,0,차대사람 - 기타,과속,포장 - 젖음/습기,흐림,단일로 - 기타,승용,남,20세,상해없음,보행자,여,42세,중상
5282,2020051000100115,2020년 5월 10일 10시,일요일,경상북도 경주시 안강읍,경상사고,0,0,1,0,차대사람 - 차도통행중,안전운전불이행,포장 - 건조,맑음,단일로 - 기타,승용,남,76세,기타불명,보행자,남,43세,경상
5283,2020051000100178,2020년 5월 10일 13시,일요일,경상북도 안동시 용상동,부상신고사고,0,0,0,1,차대사람 - 기타,안전운전불이행,포장 - 건조,맑음,교차로 - 교차로안,화물,남,72세,상해없음,보행자,여,73세,부상신고
5284,2020051100100202,2020년 5월 11일 10시,월요일,경상북도 상주시 남성동,경상사고,0,0,1,0,차대사람 - 기타,안전운전불이행,포장 - 건조,맑음,교차로 - 교차로안,승용,여,48세,상해없음,보행자,여,83세,경상
5285,2020051100100560,2020년 5월 11일 19시,월요일,경상북도 경주시 황성동,경상사고,0,0,1,0,차대사람 - 길가장자리구역통행중,안전운전불이행,포장 - 건조,맑음,단일로 - 기타,승용,여,34세,상해없음,보행자,여,15세,경상
5286,2020051100100588,2020년 5월 11일 20시,월요일,경상북도 김천시 신음동,경상사고,0,0,1,0,차대사람 - 횡단중,보행자보호의무위반,포장 - 건조,기타,교차로 - 교차로횡단보도내,이륜,남,25세,경상,보행자,남,58세,상해없음
5287,2020051200100014,2020년 5월 12일 00시,화요일,경상북도 영주시 휴천동,중상사고,0,1,0,0,차대사람 - 기타,안전운전불이행,포장 - 건조,맑음,교차로 - 교차로안,승용,남,60세,상해없음,보행자,여,44세,중상
5288,2020051200100133,2020년 5월 12일 08시,화요일,경상북도 경주시 성동동,중상사고,0,1,0,0,차대사람 - 기타,안전운전불이행,포장 - 건조,맑음,단일로 - 지하차도(도로)내,승용,남,46세,상해없음,보행자,남,53세,중상
5289,2020051200100190,2020년 5월 12일 10시,화요일,경상북도 김천시 신음동,경상사고,0,0,1,0,차대사람 - 횡단중,안전운전불이행,포장 - 건조,맑음,기타 - 기타,승용,남,36세,기타불명,보행자,남,78세,경상
5290,2020051200100191,2020년 5월 12일 10시,화요일,경상북도 상주시 무양동,중상사고,0,1,0,0,차대사람 - 횡단중,안전운전불이행,포장 - 건조,맑음,단일로 - 기타,승용,여,51세,상해없음,보행자,여,66세,중상
5291,2020051200100253,2020년 5월 12일 12시,화요일,경상북도 포항시 남구 장기면,사망사고,2,2,1,0,차대사람 - 기타,안전운전불이행,포장 - 건조,맑음,교차로 - 교차로부근,승용,남,80세,경상,보행자,여,84세,사망
5292,2020051200100309,2020년 5월 12일 14시,화요일,경상북도 경산시 중방동,경상사고,0,0,3,0,차대사람 - 기타,중앙선침범,포장 - 건조,맑음,교차로 - 교차로부근,승용,남,67세,상해없음,보행자,여,42세,경상
5293,2020051200100476,2020년 5월 12일 18시,화요일,경상북도 김천시 부곡동,경상사고,0,0,1,0,차대사람 - 횡단중,신호위반,포장 - 건조,맑음,교차로 - 교차로부근,승용,여,56세,기타불명,보행자,남,50세,경상
5294,2020051200100510,2020년 5월 12일 19시,화요일,경상북도 포항시 북구 남빈동,경상사고,0,0,1,0,차대사람 - 차도통행중,안전운전불이행,포장 - 건조,맑음,단일로 - 기타,승용,여,36세,상해없음,보행자,여,53세,경상
5295,2020051300100129,2020년 5월 13일 08시,수요일,경상북도 안동시 풍산읍,중상사고,0,1,0,0,차대사람 - 횡단중,신호위반,포장 - 건조,맑음,교차로 - 교차로안,승용,남,27세,상해없음,보행자,남,90세,중상
5296,2020051300100130,2020년 5월 13일 08시,수요일,경상북도 고령군 다산면,중상사고,0,1,0,0,차대사람 - 차도통행중,교차로운행방법위반,포장 - 건조,맑음,교차로 - 교차로안,승용,여,60세,상해없음,보행자,여,69세,중상
5297,2020051300100229,2020년 5월 13일 11시,수요일,경상북도 봉화군 물야면,중상사고,0,1,0,0,차대사람 - 기타,안전운전불이행,포장 - 건조,맑음,단일로 - 기타,승용,남,79세,상해없음,보행자,여,86세,중상
5298,2020051300100230,2020년 5월 13일 11시,수요일,경상북도 구미시 해평면,사망사고,1,0,0,0,차대사람 - 기타,안전운전불이행,포장 - 건조,맑음,교차로 - 교차로안,승용,남,47세,상해없음,보행자,여,86세,사망
5299,2020051300100263,2020년 5월 13일 12시,수요일,경상북도 경주시 용강동,경상사고,0,0,1,0,차대사람 - 길가장자리구역통행중,안전운전불이행,포장 - 건조,맑음,단일로 - 기타,승용,여,47세,상해없음,보행자,여,48세,경상
5300,2020051300100291,2020년 5월 13일 13시,수요일,경상북도 김천시 신음동,경상사고,0,0,1,0,차대사람 - 횡단중,보행자보호의무위반,포장 - 건조,맑음,교차로 - 교차로횡단보도내,화물,남,70세,상해없음,보행자,남,65세,경상
5301,2020051300100328,2020년 5월 13일 14시,수요일,경상북도 의성군 사곡면,중상사고,0,1,0,0,차대사람 - 횡단중,안전운전불이행,포장 - 건조,맑음,단일로 - 기타,화물,남,25세,상해없음,보행자,여,85세,중상
5302,2020051300100594,2020년 5월 13일 20시,수요일,경상북도 포항시 남구 대도동,경상사고,0,0,1,0,차대사람 - 횡단중,안전운전불이행,포장 - 건조,맑음,단일로 - 기타,승용,남,18세,상해없음,보행자,여,53세,경상
5303,2020051400100100,2020년 5월 14일 08시,목요일,경상북도 안동시 풍산읍,중상사고,0,1,0,0,차대사람 - 기타,안전운전불이행,포장 - 건조,맑음,교차로 - 교차로부근,승합,남,45세,상해없음,보행자,남,38세,중상
5304,2020051400100572,2020년 5월 14일 21시,목요일,경상북도 안동시 옥동,경상사고,0,0,2,0,차대사람 - 횡단중,보행자보호의무위반,포장 - 건조,맑음,교차로 - 교차로안,승용,여,67세,상해없음,보행자,남,37세,경상
5305,2020051500100226,2020년 5월 15일 12시,금요일,경상북도 경산시 자인면,중상사고,0,1,0,0,차대사람 - 횡단중,보행자보호의무위반,포장 - 젖음/습기,흐림,교차로 - 교차로횡단보도내,승용,남,76세,상해없음,보행자,여,78세,중상
5306,2020051500100227,2020년 5월 15일 12시,금요일,경상북도 경산시 하양읍,경상사고,0,0,1,0,차대사람 - 기타,안전운전불이행,포장 - 건조,맑음,기타 - 기타,승용,여,63세,기타불명,보행자,여,42세,경상
5307,2020051500100335,2020년 5월 15일 15시,금요일,경상북도 영주시 가흥동,중상사고,0,1,0,0,차대사람 - 횡단중,보행자보호의무위반,포장 - 젖음/습기,비,교차로 - 교차로횡단보도내,승합,남,59세,상해없음,보행자,여,60세,중상
5308,2020051500100510,2020년 5월 15일 19시,금요일,경상북도 경주시 성동동,중상사고,0,1,0,0,차대사람 - 횡단중,신호위반,포장 - 젖음/습기,비,교차로 - 교차로횡단보도내,승용,남,53세,상해없음,보행자,여,73세,중상
5309,2020051500100511,2020년 5월 15일 19시,금요일,경상북도 영천시 문외동,경상사고,0,0,1,0,차대사람 - 횡단중,안전운전불이행,포장 - 젖음/습기,비,단일로 - 기타,승합,남,46세,상해없음,보행자,남,52세,경상
5310,2020051500100512,2020년 5월 15일 19시,금요일,경상북도 청도군 풍각면,중상사고,0,1,0,0,차대사람 - 차도통행중,안전운전불이행,포장 - 젖음/습기,비,교차로 - 교차로안,승용,여,33세,상해없음,보행자,여,52세,중상
5311,2020051500100599,2020년 5월 15일 21시,금요일,경상북도 김천시 성내동,경상사고,0,0,1,0,차대사람 - 보도통행중,기타,포장 - 젖음/습기,비,교차로 - 교차로부근,승용,여,60세,상해없음,보행자,여,68세,경상
5312,2020051600100285,2020년 5월 16일 14시,토요일,경상북도 성주군 성주읍,경상사고,0,0,1,0,차대사람 - 기타,안전운전불이행,포장 - 건조,맑음,교차로 - 교차로부근,승용,남,57세,상해없음,보행자,남,48세,경상
5313,2020051600100318,2020년 5월 16일 15시,토요일,경상북도 영덕군 강구면,경상사고,0,0,1,0,차대사람 - 길가장자리구역통행중,안전운전불이행,포장 - 건조,맑음,교차로 - 교차로안,승용,여,20세,상해없음,보행자,여,13세,경상
5314,2020051600100468,2020년 5월 16일 20시,토요일,경상북도 포항시 남구 대잠동,중상사고,0,1,0,0,차대사람 - 기타,안전운전불이행,포장 - 건조,맑음,단일로 - 기타,승용,남,70세,상해없음,보행자,여,22세,중상
5315,2020051700100143,2020년 5월 17일 11시,일요일,경상북도 포항시 북구 청하면,경상사고,0,0,1,0,차대사람 - 길가장자리구역통행중,안전운전불이행,포장 - 건조,맑음,단일로 - 기타,승용,남,55세,상해없음,보행자,남,79세,경상
5316,2020051700100355,2020년 5월 17일 18시,일요일,경상북도 포항시 남구 오천읍,부상신고사고,0,0,0,1,차대사람 - 기타,안전운전불이행,포장 - 건조,맑음,단일로 - 기타,승용,남,54세,상해없음,보행자,여,8세,부상신고
5317,2020051700100374,2020년 5월 17일 19시,일요일,경상북도 김천시 부곡동,사망사고,1,0,0,0,차대사람 - 횡단중,안전운전불이행,포장 - 건조,기타,교차로 - 교차로횡단보도내,승용,남,52세,상해없음,보행자,남,58세,사망
5318,2020051700100405,2020년 5월 17일 20시,일요일,경상북도 구미시 진평동,경상사고,0,0,2,0,차대사람 - 횡단중,신호위반,포장 - 건조,맑음,단일로 - 기타,이륜,여,23세,상해없음,보행자,남,31세,경상
5319,2020051700100440,2020년 5월 17일 21시,일요일,경상북도 구미시 옥성면,중상사고,0,1,0,0,차대사람 - 기타,안전운전불이행,포장 - 건조,맑음,단일로 - 기타,승용,남,45세,상해없음,보행자,남,8세,중상
5320,2020051800100177,2020년 5월 18일 11시,월요일,경상북도 경주시 성동동,경상사고,0,0,1,0,차대사람 - 횡단중,보행자보호의무위반,포장 - 건조,맑음,교차로 - 교차로횡단보도내,승용,남,75세,상해없음,보행자,여,77세,경상
5321,2020051800100304,2020년 5월 18일 14시,월요일,경상북도 안동시 풍산읍,중상사고,0,1,0,0,차대사람 - 기타,안전운전불이행,포장 - 건조,맑음,교차로 - 교차로안,화물,남,69세,상해없음,보행자,여,84세,중상
5322,2020051800100340,2020년 5월 18일 15시,월요일,경상북도 포항시 북구 두호동,중상사고,0,1,0,0,차대사람 - 횡단중,보행자보호의무위반,포장 - 건조,맑음,단일로 - 기타,승합,남,59세,상해없음,보행자,여,73세,중상
5323,2020051800100404,2020년 5월 18일 16시,월요일,경상북도 포항시 남구 오천읍,경상사고,0,0,1,0,차대사람 - 차도통행중,안전운전불이행,포장 - 건조,맑음,교차로 - 교차로횡단보도내,승용,남,46세,상해없음,보행자,여,40세,경상
5324,2020051800100488,2020년 5월 18일 18시,월요일,경상북도 예천군 풍양면,경상사고,0,0,1,0,차대사람 - 차도통행중,안전운전불이행,포장 - 건조,맑음,교차로 - 교차로안,승용,남,46세,상해없음,보행자,여,85세,경상
5325,2020051800100598,2020년 5월 18일 21시,월요일,경상북도 경주시 황오동,경상사고,0,0,1,0,차대사람 - 차도통행중,안전운전불이행,포장 - 젖음/습기,비,단일로 - 기타,승용,남,19세,상해없음,보행자,여,59세,경상
5326,2020051800100599,2020년 5월 18일 21시,월요일,경상북도 김천시 부곡동,중상사고,0,1,0,0,차대사람 - 차도통행중,안전운전불이행,포장 - 젖음/습기,비,교차로 - 교차로안,승용,남,47세,상해없음,보행자,남,57세,중상
5327,2020051800100600,2020년 5월 18일 21시,월요일,경상북도 경산시 하양읍,경상사고,0,0,1,0,차대사람 - 기타,보행자보호의무위반,포장 - 건조,맑음,교차로 - 교차로안,승용,남,51세,상해없음,보행자,여,44세,경상
5328,2020051900100305,2020년 5월 19일 15시,화요일,경상북도 안동시 용상동,경상사고,0,0,1,0,차대사람 - 보도통행중,안전운전불이행,포장 - 건조,맑음,단일로 - 기타,승용,남,42세,상해없음,보행자,여,77세,경상
5329,2020051900100306,2020년 5월 19일 15시,화요일,경상북도 김천시 조마면,중상사고,0,1,0,0,차대사람 - 차도통행중,안전운전불이행,포장 - 건조,맑음,교차로 - 교차로부근,화물,남,42세,상해없음,보행자,남,55세,중상
5330,2020051900100343,2020년 5월 19일 16시,화요일,경상북도 구미시 광평동,경상사고,0,0,1,0,차대사람 - 보도통행중,안전운전불이행,포장 - 건조,맑음,교차로 - 교차로안,승용,남,51세,상해없음,보행자,남,50세,경상
5331,2020052000100005,2020년 5월 20일 00시,수요일,경상북도 경주시 용강동,중상사고,0,1,0,0,차대사람 - 횡단중,교차로운행방법위반,포장 - 건조,흐림,교차로 - 교차로안,승용,여,47세,상해없음,보행자,남,45세,중상
5332,2020052000100066,2020년 5월 20일 06시,수요일,경상북도 경산시 조영동,경상사고,0,0,1,0,차대사람 - 보도통행중,기타,포장 - 건조,맑음,단일로 - 기타,이륜,남,68세,기타불명,보행자,여,26세,경상
5333,2020052000100067,2020년 5월 20일 06시,수요일,경상북도 예천군 용궁면,경상사고,0,0,1,0,차대사람 - 기타,기타,포장 - 건조,맑음,교차로 - 교차로안,화물,남,66세,상해없음,보행자,여,67세,경상
5334,2020052000100156,2020년 5월 20일 09시,수요일,경상북도 경산시 정평동,경상사고,0,0,1,0,차대사람 - 기타,안전운전불이행,포장 - 건조,맑음,주차장 - 주차장,승용,남,44세,상해없음,보행자,여,65세,경상
5335,2020052000100232,2020년 5월 20일 11시,수요일,경상북도 포항시 북구 장성동,부상신고사고,0,0,0,1,차대사람 - 기타,안전운전불이행,포장 - 건조,맑음,기타 - 기타,승용,남,69세,상해없음,보행자,여,59세,부상신고
5336,2020052000100236,2020년 5월 20일 11시,수요일,경상북도 포항시 남구 오천읍,경상사고,0,0,1,0,차대사람 - 기타,안전운전불이행,포장 - 건조,맑음,교차로 - 교차로부근,화물,남,75세,상해없음,보행자,여,66세,경상
5337,2020052000100615,2020년 5월 20일 20시,수요일,경상북도 포항시 남구 연일읍,경상사고,0,0,1,0,차대사람 - 기타,안전운전불이행,포장 - 건조,맑음,단일로 - 기타,기타불명,기타불명,미분류,기타불명,보행자,남,13세,경상
5338,2020052100100393,2020년 5월 21일 16시,목요일,경상북도 포항시 남구 지곡동,경상사고,0,0,3,2,차대사람 - 기타,보행자보호의무위반,포장 - 건조,맑음,교차로 - 교차로안,승용,남,30세,상해없음,보행자,남,31세,경상
5339,2020052100100544,2020년 5월 21일 19시,목요일,경상북도 경산시 하양읍,중상사고,0,1,0,0,차대사람 - 횡단중,안전운전불이행,포장 - 건조,맑음,교차로 - 교차로부근,승용,남,26세,상해없음,보행자,여,44세,중상
5340,2020052100100612,2020년 5월 21일 22시,목요일,경상북도 포항시 북구 죽도동,경상사고,0,0,1,0,차대사람 - 보도통행중,안전운전불이행,포장 - 건조,맑음,교차로 - 교차로부근,승용,남,32세,상해없음,보행자,남,20세,경상
5341,2020052200100045,2020년 5월 22일 05시,금요일,경상북도 안동시 태화동,중상사고,0,1,1,0,차대사람 - 기타,안전운전불이행,포장 - 건조,맑음,단일로 - 기타,승용,남,77세,상해없음,보행자,여,77세,중상
5342,2020052200100055,2020년 5월 22일 06시,금요일,경상북도 청송군 진보면,중상사고,0,1,0,0,차대사람 - 기타,안전운전불이행,포장 - 건조,맑음,단일로 - 지하차도(도로)내,화물,남,59세,상해없음,보행자,남,58세,중상
5343,2020052200100141,2020년 5월 22일 09시,금요일,경상북도 구미시 인의동,경상사고,0,0,1,0,차대사람 - 횡단중,신호위반,포장 - 건조,맑음,단일로 - 기타,화물,남,40세,상해없음,보행자,여,29세,경상
5344,2020052200100279,2020년 5월 22일 13시,금요일,경상북도 봉화군 봉화읍,중상사고,0,1,0,0,차대사람 - 기타,안전운전불이행,포장 - 건조,맑음,기타 - 기타,승용,남,40세,상해없음,보행자,여,84세,중상
5345,2020052200100363,2020년 5월 22일 15시,금요일,경상북도 칠곡군 북삼읍,경상사고,0,0,1,0,차대사람 - 횡단중,신호위반,포장 - 건조,맑음,교차로 - 교차로안,승용,남,30세,상해없음,보행자,여,17세,경상
5346,2020052200100694,2020년 5월 22일 23시,금요일,경상북도 구미시 사곡동,경상사고,0,0,1,0,차대사람 - 기타,안전운전불이행,포장 - 건조,맑음,단일로 - 기타,이륜,남,30세,상해없음,보행자,남,47세,경상
5347,2020052300100069,2020년 5월 23일 06시,토요일,경상북도 포항시 남구 호미곶면,중상사고,0,1,0,0,차대사람 - 기타,안전운전불이행,포장 - 건조,맑음,단일로 - 기타,승용,남,48세,상해없음,보행자,여,63세,중상
5348,2020052300100449,2020년 5월 23일 17시,토요일,경상북도 울릉군 울릉읍,경상사고,0,0,1,0,차대사람 - 횡단중,보행자보호의무위반,포장 - 건조,맑음,교차로 - 교차로안,이륜,남,54세,상해없음,보행자,여,62세,경상
5349,2020052300100541,2020년 5월 23일 20시,토요일,경상북도 구미시 진평동,경상사고,0,0,1,0,차대사람 - 기타,안전운전불이행,포장 - 건조,맑음,단일로 - 기타,승용,남,57세,상해없음,보행자,남,4세,경상
5350,2020052300100585,2020년 5월 23일 22시,토요일,경상북도 경산시 임당동,중상사고,0,1,0,0,차대사람 - 차도통행중,안전운전불이행,포장 - 건조,맑음,교차로 - 교차로안,승용,남,47세,상해없음,보행자,남,33세,중상
5351,2020052400100273,2020년 5월 24일 15시,일요일,경상북도 영주시 부석면,경상사고,0,0,1,0,차대사람 - 기타,안전운전불이행,포장 - 건조,맑음,단일로 - 기타,승용,여,64세,상해없음,보행자,여,79세,경상
5352,2020052500100166,2020년 5월 25일 10시,월요일,경상북도 김천시 용두동,중상사고,0,1,0,0,차대사람 - 횡단중,신호위반,포장 - 건조,맑음,교차로 - 교차로횡단보도내,이륜,남,16세,상해없음,보행자,여,59세,중상
5353,2020052500100198,2020년 5월 25일 11시,월요일,경상북도 상주시 인봉동,중상사고,0,1,0,0,차대사람 - 차도통행중,중앙선침범,포장 - 건조,맑음,단일로 - 기타,승용,여,50세,상해없음,보행자,여,81세,중상
5354,2020052500100267,2020년 5월 25일 13시,월요일,경상북도 안동시 삼산동,경상사고,0,0,1,0,차대사람 - 길가장자리구역통행중,안전운전불이행,포장 - 건조,맑음,교차로 - 교차로안,승용,남,62세,상해없음,보행자,남,21세,경상
5355,2020052500100301,2020년 5월 25일 14시,월요일,경상북도 청도군 각북면,경상사고,0,0,1,0,차대사람 - 보도통행중,안전운전불이행,포장 - 건조,맑음,단일로 - 기타,승용,남,80세,상해없음,보행자,여,81세,경상