,사고번호,사고일시,요일,시군구,사고내용,사망자수,중상자수,경상자수,부상신고자수,사고유형,법규위반,노면상태,기상상태,도로형태,가해운전자 차종,가해운전자 성별,가해운전자 연령,가해운전자 상해정도,피해운전자 차종,피해운전자 성별,피해운전자 연령,피해운전자 상해정도
5463,2020061400100069,2020년 6월 14일 04시,일요일,경상북도 경산시 남천면,사망사고,1,0,0,0,차대사람 - 횡단중,안전운전불이행,포장 - 젖음/습기,비,단일로 - 기타,승용,남,31세,상해없음,보행자,여,37세,사망
5464,2020061400100180,2020년 6월 14일 12시,일요일,경상북도 영천시 완산동,경상사고,0,0,1,0,차대사람 - 기타,안전운전불이행,포장 - 건조,맑음,교차로 - 교차로안,승용,남,57세,상해없음,보행자,여,70세,경상
5465,2020061500100051,2020년 6월 15일 06시,월요일,경상북도 문경시 흥덕동,중상사고,0,1,0,0,차대사람 - 횡단중,안전운전불이행,포장 - 건조,맑음,단일로 - 기타,승용,남,56세,상해없음,보행자,여,85세,중상
5466,2020061500100112,2020년 6월 15일 08시,월요일,경상북도 영천시 금호읍,사망사고,1,0,0,0,차대사람 - 횡단중,안전운전불이행,포장 - 건조,맑음,단일로 - 기타,화물,남,55세,상해없음,보행자,남,86세,사망
5467,2020061500100434,2020년 6월 15일 16시,월요일,경상북도 포항시 북구 상원동,경상사고,0,0,2,0,차대사람 - 횡단중,안전운전불이행,포장 - 건조,맑음,교차로 - 교차로부근,승용,남,37세,상해없음,보행자,여,58세,경상
5468,2020061500100496,2020년 6월 15일 17시,월요일,경상북도 안동시 상아동,경상사고,0,0,2,0,차대사람 - 횡단중,안전운전불이행,포장 - 건조,맑음,주차장 - 주차장,승용,여,38세,상해없음,보행자,남,39세,경상
5469,2020061500100654,2020년 6월 15일 21시,월요일,경상북도 포항시 북구 기계면,중상사고,0,1,0,0,차대사람 - 기타,안전운전불이행,포장 - 건조,맑음,단일로 - 기타,승용,남,47세,상해없음,보행자,남,55세,중상
5470,2020061600100155,2020년 6월 16일 09시,화요일,경상북도 경주시 황오동,중상사고,0,1,0,0,차대사람 - 횡단중,안전운전불이행,포장 - 건조,맑음,교차로 - 교차로안,승용,남,65세,상해없음,보행자,여,79세,중상
5471,2020061600100373,2020년 6월 16일 15시,화요일,경상북도 영주시 영주동,경상사고,0,0,1,0,차대사람 - 기타,안전운전불이행,포장 - 건조,맑음,단일로 - 기타,화물,남,46세,상해없음,보행자,남,73세,경상
5472,2020061600100557,2020년 6월 16일 19시,화요일,경상북도 경주시 동천동,경상사고,0,0,1,0,차대사람 - 길가장자리구역통행중,안전운전불이행,포장 - 건조,맑음,기타 - 기타,승용,여,49세,상해없음,보행자,여,28세,경상
5473,2020061600100559,2020년 6월 16일 19시,화요일,경상북도 칠곡군 왜관읍,중상사고,0,2,0,0,차대사람 - 횡단중,보행자보호의무위반,포장 - 건조,맑음,교차로 - 교차로부근,승용,남,57세,상해없음,보행자,여,61세,중상
5474,2020061700100129,2020년 6월 17일 08시,수요일,경상북도 경주시 구정동,경상사고,0,0,1,0,차대사람 - 길가장자리구역통행중,안전운전불이행,포장 - 건조,맑음,단일로 - 기타,승용,여,46세,상해없음,보행자,여,11세,경상
5475,2020061700100286,2020년 6월 17일 13시,수요일,경상북도 상주시 서성동,경상사고,0,0,1,0,차대사람 - 보도통행중,교차로운행방법위반,포장 - 건조,맑음,교차로 - 교차로안,화물,남,64세,상해없음,보행자,남,62세,경상
5476,2020061700100390,2020년 6월 17일 16시,수요일,경상북도 칠곡군 왜관읍,부상신고사고,0,0,0,1,차대사람 - 보도통행중,안전운전불이행,포장 - 건조,맑음,단일로 - 기타,화물,남,60세,상해없음,보행자,남,미분류,부상신고
5477,2020061700100516,2020년 6월 17일 19시,수요일,경상북도 구미시 송정동,경상사고,0,0,1,0,차대사람 - 기타,안전운전불이행,포장 - 건조,맑음,단일로 - 기타,승용,여,60세,상해없음,보행자,남,5세,경상
5478,2020061700100549,2020년 6월 17일 20시,수요일,경상북도 경산시 옥산동,경상사고,0,0,1,0,차대사람 - 길가장자리구역통행중,안전운전불이행,포장 - 건조,맑음,단일로 - 지하차도(도로)내,승용,남,64세,상해없음,보행자,남,54세,경상
5479,2020061800100055,2020년 6월 18일 04시,목요일,경상북도 영천시 야사동,경상사고,0,0,1,0,차대사람 - 횡단중,안전운전불이행,포장 - 건조,맑음,교차로 - 교차로안,승용,남,22세,상해없음,보행자,남,24세,경상
5480,2020061800100144,2020년 6월 18일 08시,목요일,경상북도 경산시 진량읍,중상사고,0,1,0,0,차대사람 - 기타,안전운전불이행,포장 - 기타,비,교차로 - 교차로안,승용,여,43세,상해없음,보행자,남,42세,중상
5481,2020061800100251,2020년 6월 18일 11시,목요일,경상북도 경산시 대평동,중상사고,0,1,0,0,차대사람 - 길가장자리구역통행중,안전운전불이행,포장 - 젖음/습기,비,교차로 - 교차로안,승용,여,32세,상해없음,보행자,여,68세,중상
5482,2020061800100510,2020년 6월 18일 19시,목요일,경상북도 포항시 북구 두호동,경상사고,0,0,1,0,차대사람 - 횡단중,신호위반,포장 - 건조,맑음,단일로 - 기타,이륜,남,26세,상해없음,보행자,여,19세,경상
5483,2020061800100584,2020년 6월 18일 21시,목요일,경상북도 포항시 북구 장성동,중상사고,0,1,0,0,차대사람 - 기타,기타,포장 - 건조,맑음,단일로 - 기타,승합,남,55세,상해없음,보행자,여,61세,중상
5484,2020061900100011,2020년 6월 19일 00시,금요일,경상북도 경주시 외동읍,중상사고,0,1,0,0,차대사람 - 기타,안전운전불이행,포장 - 젖음/습기,비,단일로 - 교량,승용,남,56세,상해없음,보행자,여,58세,중상
5485,2020061900100123,2020년 6월 19일 08시,금요일,경상북도 경주시 현곡면,경상사고,0,0,1,0,차대사람 - 횡단중,보행자보호의무위반,포장 - 건조,맑음,교차로 - 교차로횡단보도내,승용,남,67세,상해없음,보행자,남,7세,경상
5486,2020061900100233,2020년 6월 19일 11시,금요일,경상북도 경주시 성동동,중상사고,0,1,0,0,차대사람 - 횡단중,보행자보호의무위반,포장 - 건조,맑음,교차로 - 교차로안,승용,남,40세,상해없음,보행자,여,78세,중상
5487,2020061900100278,2020년 6월 19일 12시,금요일,경상북도 경주시 황성동,경상사고,0,0,1,0,차대사람 - 차도통행중,안전운전불이행,포장 - 젖음/습기,비,단일로 - 지하차도(도로)내,이륜,남,40세,상해없음,보행자,남,13세,경상
5488,2020061900100502,2020년 6월 19일 17시,금요일,경상북도 김천시 모암동,중상사고,0,1,0,0,차대사람 - 차도통행중,안전운전불이행,포장 - 건조,맑음,단일로 - 기타,승용,여,22세,상해없음,보행자,여,77세,중상
5489,2020061900100504,2020년 6월 19일 17시,금요일,경상북도 구미시 황상동,중상사고,0,1,0,0,차대사람 - 횡단중,안전운전불이행,포장 - 건조,맑음,단일로 - 기타,승용,남,65세,상해없음,보행자,여,2세,중상
5490,2020061900100564,2020년 6월 19일 18시,금요일,경상북도 경산시 진량읍,중상사고,0,2,0,0,차대사람 - 횡단중,안전운전불이행,포장 - 건조,맑음,기타 - 기타,승용,여,49세,상해없음,보행자,여,40세,중상
5491,2020061900100687,2020년 6월 19일 21시,금요일,경상북도 경주시 동천동,중상사고,0,1,0,0,차대사람 - 횡단중,신호위반,포장 - 건조,맑음,교차로 - 교차로횡단보도내,승용,남,67세,상해없음,보행자,여,46세,중상
5492,2020061900100689,2020년 6월 19일 21시,금요일,경상북도 문경시 문경읍,중상사고,0,1,0,0,차대사람 - 횡단중,안전운전불이행,포장 - 건조,맑음,단일로 - 기타,승용,남,23세,상해없음,보행자,남,57세,중상
5493,2020062000100112,2020년 6월 20일 08시,토요일,경상북도 안동시 송현동,경상사고,0,0,1,0,차대사람 - 횡단중,안전운전불이행,포장 - 건조,맑음,단일로 - 기타,승용,남,72세,상해없음,보행자,여,18세,경상
5494,2020062000100147,2020년 6월 20일 09시,토요일,경상북도 김천시 성내동,중상사고,0,1,0,0,차대사람 - 횡단중,신호위반,포장 - 건조,맑음,교차로 - 교차로안,승용,남,46세,상해없음,보행자,남,70세,중상
5495,2020062000100212,2020년 6월 20일 11시,토요일,경상북도 경산시 중방동,경상사고,0,0,1,0,차대사람 - 기타,안전운전불이행,포장 - 건조,맑음,단일로 - 기타,승용,남,43세,상해없음,보행자,여,27세,경상
5496,2020062000100213,2020년 6월 20일 11시,토요일,경상북도 고령군 다산면,중상사고,0,1,0,0,차대사람 - 횡단중,보행자보호의무위반,포장 - 건조,맑음,단일로 - 기타,승용,여,49세,상해없음,보행자,여,13세,중상
5497,2020062000100471,2020년 6월 20일 17시,토요일,경상북도 칠곡군 왜관읍,경상사고,0,0,1,0,차대사람 - 길가장자리구역통행중,안전운전불이행,포장 - 건조,맑음,단일로 - 기타,화물,남,76세,상해없음,보행자,여,67세,경상
5498,2020062000100474,2020년 6월 20일 17시,토요일,경상북도 구미시 봉곡동,경상사고,0,0,1,0,차대사람 - 기타,보행자보호의무위반,포장 - 건조,맑음,단일로 - 기타,승용,여,49세,상해없음,보행자,남,5세,경상
5499,2020062000100562,2020년 6월 20일 19시,토요일,경상북도 경주시 인왕동,경상사고,0,0,1,0,차대사람 - 횡단중,보행자보호의무위반,포장 - 건조,맑음,교차로 - 교차로횡단보도내,승용,남,57세,상해없음,보행자,남,38세,경상
5500,2020062000100589,2020년 6월 20일 20시,토요일,경상북도 안동시 옥동,경상사고,0,0,1,0,차대사람 - 횡단중,보행자보호의무위반,포장 - 건조,맑음,교차로 - 교차로안,승용,남,59세,상해없음,보행자,남,6세,경상
5501,2020062000100671,2020년 6월 20일 23시,토요일,경상북도 경주시 동천동,중상사고,0,1,0,0,차대사람 - 횡단중,안전운전불이행,포장 - 건조,맑음,단일로 - 기타,승용,남,60세,상해없음,보행자,여,43세,중상
5502,2020062100100200,2020년 6월 21일 12시,일요일,경상북도 울릉군 울릉읍,중상사고,0,1,0,0,차대사람 - 횡단중,안전운전불이행,포장 - 건조,맑음,단일로 - 기타,승용,남,28세,상해없음,보행자,남,8세,중상
5503,2020062100100254,2020년 6월 21일 14시,일요일,경상북도 경주시 양남면,경상사고,0,0,1,0,차대사람 - 기타,안전운전불이행,포장 - 건조,맑음,주차장 - 주차장,승용,남,74세,상해없음,보행자,남,26세,경상
5504,2020062100100296,2020년 6월 21일 15시,일요일,경상북도 예천군 예천읍,중상사고,0,1,0,0,차대사람 - 차도통행중,안전운전불이행,포장 - 건조,맑음,단일로 - 기타,승용,남,58세,상해없음,보행자,여,54세,중상
5505,2020062200100011,2020년 6월 22일 00시,월요일,경상북도 칠곡군 지천면,경상사고,0,0,1,0,차대사람 - 차도통행중,안전운전불이행,포장 - 건조,맑음,단일로 - 기타,승용,여,37세,상해없음,보행자,남,59세,경상
5506,2020062200100122,2020년 6월 22일 08시,월요일,경상북도 김천시 대항면,중상사고,0,1,0,0,차대사람 - 차도통행중,안전운전불이행,포장 - 건조,맑음,단일로 - 기타,화물,남,68세,상해없음,보행자,남,71세,중상
5507,2020062200100269,2020년 6월 22일 11시,월요일,경상북도 경주시 동천동,경상사고,0,0,1,0,차대사람 - 길가장자리구역통행중,안전운전불이행,포장 - 건조,맑음,단일로 - 기타,승용,남,46세,상해없음,보행자,여,56세,경상
5508,2020062200100588,2020년 6월 22일 18시,월요일,경상북도 포항시 북구 대신동,경상사고,0,0,1,0,차대사람 - 횡단중,보행자보호의무위반,포장 - 건조,맑음,교차로 - 교차로안,승용,여,65세,상해없음,보행자,남,62세,경상
5509,2020062200100691,2020년 6월 22일 21시,월요일,경상북도 경주시 외동읍,경상사고,0,0,1,0,차대사람 - 길가장자리구역통행중,안전운전불이행,포장 - 건조,맑음,단일로 - 기타,승용,여,59세,상해없음,보행자,남,42세,경상
5510,2020062300100134,2020년 6월 23일 08시,화요일,경상북도 문경시 흥덕동,경상사고,0,0,1,0,차대사람 - 횡단중,안전운전불이행,포장 - 건조,맑음,교차로 - 교차로안,승용,남,57세,상해없음,보행자,여,68세,경상
5511,2020062300100182,2020년 6월 23일 09시,화요일,경상북도 경산시 임당동,경상사고,0,0,1,0,차대사람 - 기타,안전운전불이행,포장 - 건조,맑음,단일로 - 기타,승용,남,27세,상해없음,보행자,남,26세,경상
5512,2020062300100221,2020년 6월 23일 10시,화요일,경상북도 포항시 북구 죽도동,중상사고,0,1,0,0,차대사람 - 차도통행중,안전운전불이행,포장 - 건조,맑음,교차로 - 교차로안,승용,여,54세,상해없음,보행자,남,58세,중상
5513,2020062300100607,2020년 6월 23일 20시,화요일,경상북도 영주시 영주동,사망사고,1,0,0,0,차대사람 - 차도통행중,안전운전불이행,포장 - 건조,맑음,단일로 - 기타,승용,남,71세,상해없음,보행자,여,89세,사망
5514,2020062400100019,2020년 6월 24일 01시,수요일,경상북도 경산시 조영동,경상사고,0,0,1,0,차대사람 - 기타,교차로운행방법위반,포장 - 건조,맑음,교차로 - 교차로부근,승용,남,34세,상해없음,보행자,남,24세,경상
5515,2020062400100154,2020년 6월 24일 09시,수요일,경상북도 성주군 성주읍,경상사고,0,0,1,0,차대사람 - 기타,안전운전불이행,포장 - 건조,맑음,교차로 - 교차로안,화물,남,51세,상해없음,보행자,남,85세,경상
5516,2020062400100528,2020년 6월 24일 19시,수요일,경상북도 구미시 원평동,경상사고,0,0,1,0,차대사람 - 기타,기타,포장 - 건조,맑음,단일로 - 기타,승합,남,40세,상해없음,보행자,여,25세,경상
5517,2020062400100610,2020년 6월 24일 21시,수요일,경상북도 구미시 송정동,부상신고사고,0,0,0,1,차대사람 - 횡단중,안전운전불이행,포장 - 젖음/습기,비,교차로 - 교차로안,승용,여,42세,상해없음,보행자,남,46세,부상신고
5518,2020062400100659,2020년 6월 24일 22시,수요일,경상북도 의성군 봉양면,사망사고,1,0,0,0,차대사람 - 기타,안전운전불이행,포장 - 젖음/습기,비,단일로 - 기타,승용,여,25세,상해없음,보행자,남,23세,사망
5519,2020062500100053,2020년 6월 25일 02시,목요일,경상북도 김천시 평화동,중상사고,0,1,0,0,차대사람 - 횡단중,안전운전불이행,포장 - 건조,맑음,단일로 - 기타,승용,남,51세,상해없음,보행자,남,52세,중상
5520,2020062500100230,2020년 6월 25일 11시,목요일,경상북도 성주군 대가면,경상사고,0,0,1,0,차대사람 - 기타,안전운전불이행,포장 - 건조,맑음,기타 - 기타,승용,여,60세,상해없음,보행자,여,30세,경상
5521,2020062500100317,2020년 6월 25일 14시,목요일,경상북도 경산시 중방동,경상사고,0,0,1,0,차대사람 - 길가장자리구역통행중,안전운전불이행,포장 - 젖음/습기,흐림,단일로 - 기타,승용,여,60세,상해없음,보행자,여,55세,경상
5522,2020062500100509,2020년 6월 25일 20시,목요일,경상북도 의성군 안평면,중상사고,0,1,0,0,차대사람 - 기타,안전운전불이행,포장 - 젖음/습기,비,단일로 - 기타,화물,남,77세,상해없음,보행자,남,62세,중상
5523,2020062500100556,2020년 6월 25일 21시,목요일,경상북도 경주시 황성동,중상사고,0,1,0,0,차대사람 - 차도통행중,안전운전불이행,포장 - 건조,맑음,교차로 - 교차로안,승용,여,51세,상해없음,보행자,남,81세,중상
5524,2020062500100557,2020년 6월 25일 21시,목요일,경상북도 상주시 낙양동,중상사고,0,1,0,0,차대사람 - 차도통행중,안전운전불이행,포장 - 건조,맑음,단일로 - 기타,승용,남,67세,상해없음,보행자,남,68세,중상
5525,2020062500100590,2020년 6월 25일 22시,목요일,경상북도 경주시 외동읍,경상사고,0,0,1,0,차대사람 - 차도통행중,안전운전불이행,포장 - 건조,맑음,단일로 - 기타,승용,남,45세,상해없음,보행자,남,51세,경상
5526,2020062600100257,2020년 6월 26일 12시,금요일,경상북도 안동시 태화동,중상사고,0,1,0,0,차대사람 - 기타,보행자보호의무위반,포장 - 건조,맑음,단일로 - 기타,이륜,남,45세,상해없음,보행자,남,72세,중상
5527,2020062700100141,2020년 6월 27일 09시,토요일,경상북도 포항시 북구 죽도동,경상사고,0,0,1,0,차대사람 - 차도통행중,신호위반,포장 - 건조,맑음,단일로 - 기타,승용,남,37세,상해없음,보행자,남,61세,경상
5528,2020062700100211,2020년 6월 27일 11시,토요일,경상북도 포항시 북구 죽도동,경상사고,0,0,1,0,차대사람 - 차도통행중,안전운전불이행,포장 - 건조,맑음,단일로 - 기타,승용,남,71세,상해없음,보행자,여,76세,경상
5529,2020062700100475,2020년 6월 27일 18시,토요일,경상북도 경주시 양남면,경상사고,0,0,1,0,차대사람 - 길가장자리구역통행중,안전운전불이행,포장 - 건조,맑음,단일로 - 기타,승용,여,59세,상해없음,보행자,남,51세,경상
5530,2020062700100562,2020년 6월 27일 21시,토요일,경상북도 칠곡군 북삼읍,중상사고,0,1,0,0,차대사람 - 기타,안전운전불이행,포장 - 건조,흐림,단일로 - 기타,승용,남,56세,상해없음,보행자,남,54세,중상
5531,2020062700100606,2020년 6월 27일 23시,토요일,경상북도 경산시 옥산동,경상사고,0,0,1,0,차대사람 - 기타,안전운전불이행,포장 - 건조,맑음,교차로 - 교차로안,승용,남,66세,상해없음,보행자,남,38세,경상
5532,2020062800100395,2020년 6월 28일 18시,일요일,경상북도 안동시 태화동,경상사고,0,0,1,0,차대사람 - 보도통행중,보행자보호의무위반,포장 - 건조,맑음,단일로 - 기타,승용,남,65세,상해없음,보행자,남,28세,경상
5533,2020062800100497,2020년 6월 28일 22시,일요일,경상북도 칠곡군 석적읍,중상사고,0,1,0,0,차대사람 - 기타,안전운전불이행,포장 - 건조,맑음,단일로 - 기타,자전거,남,52세,상해없음,보행자,여,56세,중상
5534,2020062900100088,2020년 6월 29일 08시,월요일,경상북도 안동시 송현동,중상사고,0,1,0,0,차대사람 - 기타,안전운전불이행,포장 - 건조,맑음,교차로 - 교차로안,승용,여,53세,상해없음,보행자,남,68세,중상
5535,2020062900100089,2020년 6월 29일 08시,월요일,경상북도 영양군 영양읍,중상사고,0,1,0,0,차대사람 - 횡단중,안전운전불이행,포장 - 건조,흐림,교차로 - 교차로안,승용,여,64세,상해없음,보행자,여,73세,중상
5536,2020062900100410,2020년 6월 29일 17시,월요일,경상북도 포항시 남구 효자동,경상사고,0,0,2,0,차대사람 - 기타,보행자보호의무위반,포장 - 젖음/습기,비,교차로 - 교차로횡단보도내,화물,남,67세,상해없음,보행자,여,42세,경상
5537,2020062900100538,2020년 6월 29일 20시,월요일,경상북도 포항시 북구 죽도동,중상사고,0,1,0,0,차대사람 - 횡단중,보행자보호의무위반,포장 - 건조,맑음,단일로 - 기타,승용,남,24세,상해없음,보행자,남,80세,중상
5538,2020063000100091,2020년 6월 30일 07시,화요일,경상북도 경산시 백천동,중상사고,0,1,0,0,차대사람 - 횡단중,안전운전불이행,포장 - 건조,흐림,단일로 - 기타,승용,남,62세,상해없음,보행자,여,65세,중상
5539,2020063000100324,2020년 6월 30일 15시,화요일,경상북도 문경시 점촌동,중상사고,0,1,0,0,차대사람 - 기타,안전운전불이행,포장 - 건조,맑음,교차로 - 교차로부근,승용,여,67세,상해없음,보행자,남,77세,중상
5540,2020063000100396,2020년 6월 30일 17시,화요일,경상북도 구미시 도량동,경상사고,0,0,1,0,차대사람 - 기타,기타,포장 - 건조,맑음,교차로 - 교차로안,승용,여,47세,상해없음,보행자,남,5세,경상
5541,2020063000100439,2020년 6월 30일 18시,화요일,경상북도 경산시 자인면,중상사고,0,1,0,0,차대사람 - 기타,안전운전불이행,포장 - 건조,맑음,단일로 - 기타,승합,남,39세,상해없음,보행자,남,19세,중상
5542,2020063000100473,2020년 6월 30일 19시,화요일,경상북도 경주시 외동읍,경상사고,0,0,1,0,차대사람 - 기타,안전운전불이행,포장 - 건조,맑음,기타 - 기타,승용,여,70세,상해없음,보행자,여,18세,경상
5543,2020070100100045,2020년 7월 1일 04시,수요일,경상북도 포항시 북구 죽도동,중상사고,0,1,0,0,차대사람 - 차도통행중,안전운전불이행,포장 - 젖음/습기,흐림,단일로 - 기타,승용,남,36세,상해없음,보행자,남,54세,중상
5544,2020070100100245,2020년 7월 1일 12시,수요일,경상북도 상주시 낙양동,경상사고,0,0,1,0,차대사람 - 기타,안전운전불이행,포장 - 건조,맑음,주차장 - 주차장,승용,남,72세,상해없음,보행자,여,58세,경상
5545,2020070100100441,2020년 7월 1일 18시,수요일,경상북도 구미시 상모동,경상사고,0,0,1,0,차대사람 - 기타,기타,포장 - 건조,흐림,단일로 - 기타,승용,남,72세,상해없음,보행자,여,11세,경상
5546,2020070100100541,2020년 7월 1일 21시,수요일,경상북도 안동시 대석동,경상사고,0,0,1,0,차대사람 - 길가장자리구역통행중,보행자보호의무위반,포장 - 건조,맑음,단일로 - 기타,승합,남,22세,상해없음,보행자,여,60세,경상
5547,2020070100100544,2020년 7월 1일 21시,수요일,경상북도 구미시 진평동,경상사고,0,0,2,0,차대사람 - 기타,안전운전불이행,포장 - 건조,맑음,교차로 - 교차로안,승용,남,61세,상해없음,보행자,여,27세,경상
5548,2020070200100073,2020년 7월 2일 07시,목요일,경상북도 포항시 북구 죽도동,경상사고,0,0,1,0,차대사람 - 횡단중,직진우회전진행방해,포장 - 건조,맑음,교차로 - 교차로안,승용,여,39세,상해없음,보행자,남,65세,경상
5549,2020070200100075,2020년 7월 2일 07시,목요일,경상북도 칠곡군 가산면,중상사고,0,1,0,0,차대사람 - 기타,안전운전불이행,비포장 - 건조,맑음,기타 - 기타,화물,남,55세,상해없음,보행자,남,66세,중상
5550,2020070200100243,2020년 7월 2일 12시,목요일,경상북도 경산시 하양읍,경상사고,0,0,1,0,차대사람 - 기타,안전운전불이행,포장 - 건조,맑음,단일로 - 기타,승용,남,24세,기타불명,보행자,여,21세,경상
5551,2020070200100480,2020년 7월 2일 18시,목요일,경상북도 경주시 사정동,중상사고,0,1,0,0,차대사람 - 횡단중,안전운전불이행,포장 - 건조,맑음,단일로 - 기타,특수,남,26세,상해없음,보행자,남,83세,중상
5552,2020070300100279,2020년 7월 3일 13시,금요일,경상북도 경산시 사동,경상사고,0,0,1,0,차대사람 - 기타,기타,포장 - 건조,맑음,단일로 - 기타,승합,남,58세,기타불명,보행자,여,67세,경상
5553,2020070400100080,2020년 7월 4일 03시,토요일,경상북도 구미시 봉곡동,중상사고,0,1,0,0,차대사람 - 횡단중,안전운전불이행,포장 - 건조,맑음,단일로 - 기타,승용,남,25세,상해없음,보행자,남,27세,중상
5554,2020070400100174,2020년 7월 4일 09시,토요일,경상북도 포항시 북구 용흥동,경상사고,0,0,1,0,차대사람 - 기타,안전운전불이행,포장 - 건조,맑음,단일로 - 기타,승용,남,27세,상해없음,보행자,남,64세,경상
5555,2020070500100035,2020년 7월 5일 01시,일요일,경상북도 포항시 북구 두호동,중상사고,0,1,1,0,차대사람 - 차도통행중,불법유턴,포장 - 건조,맑음,단일로 - 기타,승용,남,33세,상해없음,보행자,남,37세,경상
5556,2020070500100169,2020년 7월 5일 12시,일요일,경상북도 청도군 청도읍,경상사고,0,0,1,0,차대사람 - 기타,안전운전불이행,포장 - 건조,맑음,기타 - 기타,승용,남,41세,상해없음,보행자,여,23세,경상
5557,2020070500100291,2020년 7월 5일 16시,일요일,경상북도 봉화군 법전면,경상사고,0,0,1,0,차대사람 - 기타,안전운전불이행,포장 - 건조,맑음,교차로 - 교차로안,화물,남,60세,상해없음,보행자,여,85세,경상
5558,2020070500100350,2020년 7월 5일 18시,일요일,경상북도 영양군 영양읍,경상사고,0,0,1,0,차대사람 - 횡단중,보행자보호의무위반,포장 - 건조,맑음,교차로 - 교차로횡단보도내,승용,여,39세,상해없음,보행자,여,13세,경상
5559,2020070500100441,2020년 7월 5일 22시,일요일,경상북도 영주시 풍기읍,경상사고,0,0,1,0,차대사람 - 기타,안전운전불이행,포장 - 건조,맑음,단일로 - 기타,기타불명,기타불명,미분류,기타불명,보행자,남,55세,경상
5560,2020070500100456,2020년 7월 5일 23시,일요일,경상북도 울진군 죽변면,중상사고,0,1,1,0,차대사람 - 횡단중,안전운전불이행,포장 - 건조,맑음,단일로 - 기타,승용,남,39세,상해없음,보행자,남,51세,중상
5561,2020070600100104,2020년 7월 6일 08시,월요일,경상북도 경산시 자인면,중상사고,0,1,0,0,차대사람 - 횡단중,중앙선침범,포장 - 건조,맑음,단일로 - 기타,화물,남,63세,상해없음,보행자,여,17세,중상
5562,2020070600100171,2020년 7월 6일 10시,월요일,경상북도 예천군 예천읍,중상사고,0,1,0,0,차대사람 - 기타,안전운전불이행,포장 - 건조,맑음,주차장 - 주차장,승용,남,70세,상해없음,보행자,여,66세,중상
5563,2020070600100315,2020년 7월 6일 14시,월요일,경상북도 구미시 지산동,중상사고,0,1,0,0,차대사람 - 기타,안전운전불이행,포장 - 건조,맑음,단일로 - 기타,승용,남,60세,상해없음,보행자,남,77세,중상
5564,2020070600100348,2020년 7월 6일 15시,월요일,경상북도 포항시 남구 연일읍,중상사고,0,1,0,0,차대사람 - 횡단중,보행자보호의무위반,포장 - 건조,맑음,교차로 - 교차로횡단보도내,승용,여,26세,상해없음,보행자,남,7세,중상
5565,2020070600100378,2020년 7월 6일 16시,월요일,경상북도 포항시 북구 죽도동,경상사고,0,0,1,0,차대사람 - 횡단중,신호위반,포장 - 건조,맑음,단일로 - 기타,화물,남,67세,기타불명,보행자,여,35세,경상
5566,2020070600100379,2020년 7월 6일 16시,월요일,경상북도 의성군 의성읍,중상사고,0,1,0,0,차대사람 - 횡단중,안전운전불이행,포장 - 건조,맑음,단일로 - 기타,화물,남,45세,상해없음,보행자,남,11세,중상
5567,2020070600100457,2020년 7월 6일 18시,월요일,경상북도 영주시 가흥동,경상사고,0,0,1,0,차대사람 - 기타,안전운전불이행,포장 - 건조,맑음,기타 - 기타,승용,남,63세,상해없음,보행자,여,6세,경상
5568,2020070600100564,2020년 7월 6일 22시,월요일,경상북도 구미시 상모동,경상사고,0,0,1,0,차대사람 - 보도통행중,신호위반,포장 - 젖음/습기,흐림,교차로 - 교차로부근,승용,남,41세,상해없음,보행자,여,33세,경상
5569,2020070700100114,2020년 7월 7일 08시,화요일,경상북도 영천시 완산동,부상신고사고,0,0,0,1,차대사람 - 차도통행중,안전운전불이행,포장 - 건조,맑음,단일로 - 기타,화물,남,78세,상해없음,보행자,남,87세,부상신고
5570,2020070700100138,2020년 7월 7일 09시,화요일,경상북도 구미시 남통동,중상사고,0,1,0,0,차대사람 - 횡단중,보행자보호의무위반,포장 - 건조,맑음,교차로 - 교차로부근,화물,남,56세,상해없음,보행자,남,75세,중상
5571,2020070700100257,2020년 7월 7일 13시,화요일,경상북도 포항시 북구 상원동,중상사고,0,1,0,0,차대사람 - 기타,안전운전불이행,포장 - 건조,맑음,교차로 - 교차로안,승합,남,52세,상해없음,보행자,여,59세,중상