,사고번호,사고일시,요일,시군구,사고내용,사망자수,중상자수,경상자수,부상신고자수,사고유형,법규위반,노면상태,기상상태,도로형태,가해운전자 차종,가해운전자 성별,가해운전자 연령,가해운전자 상해정도,피해운전자 차종,피해운전자 성별,피해운전자 연령,피해운전자 상해정도
5893,2020091000100585,2020년 9월 10일 23시,목요일,경상북도 포항시 북구 용흥동,경상사고,0,0,1,0,차대사람 - 횡단중,안전운전불이행,포장 - 건조,맑음,단일로 - 기타,승용,여,59세,상해없음,보행자,남,54세,경상
5894,2020091100100156,2020년 9월 11일 10시,금요일,경상북도 의성군 안계면,중상사고,0,1,0,0,차대사람 - 차도통행중,안전운전불이행,포장 - 건조,맑음,단일로 - 기타,승용,남,74세,상해없음,보행자,남,72세,중상
5895,2020091100100288,2020년 9월 11일 15시,금요일,경상북도 영양군 영양읍,중상사고,0,1,0,0,차대사람 - 길가장자리구역통행중,안전운전불이행,포장 - 건조,맑음,교차로 - 교차로부근,승용,여,62세,상해없음,보행자,여,82세,중상
5896,2020091100100380,2020년 9월 11일 17시,금요일,경상북도 구미시 옥계동,부상신고사고,0,0,0,1,차대사람 - 횡단중,안전운전불이행,포장 - 건조,맑음,단일로 - 기타,승용,남,22세,상해없음,보행자,남,8세,부상신고
5897,2020091100100434,2020년 9월 11일 18시,금요일,경상북도 포항시 북구 죽도동,중상사고,0,2,0,0,차대사람 - 횡단중,보행자보호의무위반,포장 - 젖음/습기,비,교차로 - 교차로횡단보도내,승용,남,66세,상해없음,보행자,여,70세,중상
5898,2020091200100282,2020년 9월 12일 13시,토요일,경상북도 안동시 목성동,중상사고,0,1,0,0,차대사람 - 횡단중,안전운전불이행,포장 - 건조,맑음,교차로 - 교차로안,승용,남,18세,상해없음,보행자,남,88세,중상
5899,2020091200100284,2020년 9월 12일 13시,토요일,경상북도 경산시 삼북동,경상사고,0,0,1,0,차대사람 - 기타,안전운전불이행,포장 - 젖음/습기,비,단일로 - 기타,승용,여,64세,상해없음,보행자,남,55세,경상
5900,2020091200100317,2020년 9월 12일 14시,토요일,경상북도 포항시 북구 죽도동,경상사고,0,0,1,0,차대사람 - 기타,안전운전불이행,포장 - 젖음/습기,비,교차로 - 교차로부근,승용,남,59세,상해없음,보행자,여,30세,경상
5901,2020091200100366,2020년 9월 12일 15시,토요일,경상북도 경주시 동천동,중상사고,0,1,0,0,차대사람 - 횡단중,보행자보호의무위반,포장 - 건조,맑음,교차로 - 교차로횡단보도내,승용,남,63세,상해없음,보행자,남,50세,중상
5902,2020091200100568,2020년 9월 12일 21시,토요일,경상북도 구미시 원평동,부상신고사고,0,0,0,1,차대사람 - 기타,안전운전불이행,포장 - 건조,맑음,교차로 - 교차로안,승용,남,36세,상해없음,보행자,여,80세,부상신고
5903,2020091200100604,2020년 9월 12일 23시,토요일,경상북도 구미시 사곡동,중상사고,0,1,0,0,차대사람 - 기타,안전운전불이행,포장 - 건조,맑음,단일로 - 기타,승용,남,60세,상해없음,보행자,여,48세,중상
5904,2020091300100208,2020년 9월 13일 13시,일요일,경상북도 구미시 도량동,경상사고,0,0,1,0,차대사람 - 기타,교차로운행방법위반,포장 - 건조,맑음,교차로 - 교차로안,승용,여,46세,상해없음,보행자,여,24세,경상
5905,2020091300100318,2020년 9월 13일 16시,일요일,경상북도 구미시 남통동,중상사고,0,1,0,0,차대사람 - 횡단중,안전운전불이행,포장 - 건조,맑음,단일로 - 기타,승용,남,30세,상해없음,보행자,남,9세,중상
5906,2020091300100413,2020년 9월 13일 19시,일요일,경상북도 상주시 화북면,사망사고,1,0,0,0,차대사람 - 기타,안전운전불이행,포장 - 건조,맑음,단일로 - 기타,승용,남,36세,상해없음,보행자,남,63세,사망
5907,2020091400100022,2020년 9월 14일 02시,월요일,경상북도 포항시 남구 오천읍,중상사고,0,2,0,0,차대사람 - 횡단중,안전운전불이행,포장 - 건조,맑음,단일로 - 기타,승용,남,39세,상해없음,보행자,남,64세,중상
5908,2020091400100050,2020년 9월 14일 06시,월요일,경상북도 상주시 서문동,중상사고,0,1,0,0,차대사람 - 기타,보행자보호의무위반,포장 - 건조,맑음,단일로 - 기타,화물,남,65세,상해없음,보행자,여,32세,중상
5909,2020091400100455,2020년 9월 14일 17시,월요일,경상북도 안동시 옥동,경상사고,0,0,1,0,차대사람 - 기타,안전운전불이행,포장 - 건조,맑음,단일로 - 기타,승용,여,30세,상해없음,보행자,여,54세,경상
5910,2020091400100531,2020년 9월 14일 19시,월요일,경상북도 칠곡군 왜관읍,중상사고,0,1,0,0,차대사람 - 차도통행중,안전운전불이행,포장 - 건조,기타,단일로 - 기타,화물,남,78세,상해없음,보행자,여,82세,중상
5911,2020091400100534,2020년 9월 14일 19시,월요일,경상북도 구미시 원평동,사망사고,1,0,0,0,차대사람 - 횡단중,안전운전불이행,포장 - 건조,맑음,단일로 - 기타,승용,남,64세,상해없음,보행자,여,78세,사망
5912,2020091400100569,2020년 9월 14일 20시,월요일,경상북도 포항시 북구 흥해읍,중상사고,0,1,0,0,차대사람 - 기타,신호위반,포장 - 건조,맑음,교차로 - 교차로횡단보도내,이륜,남,37세,상해없음,보행자,남,68세,중상
5913,2020091400100571,2020년 9월 14일 20시,월요일,경상북도 칠곡군 북삼읍,경상사고,0,0,3,0,차대사람 - 횡단중,보행자보호의무위반,포장 - 건조,맑음,교차로 - 교차로횡단보도내,이륜,남,18세,경상,보행자,여,42세,경상
5914,2020091500100263,2020년 9월 15일 13시,화요일,경상북도 안동시 광석동,경상사고,0,0,1,0,차대사람 - 보도통행중,보행자보호의무위반,포장 - 건조,맑음,교차로 - 교차로횡단보도내,승용,여,59세,상해없음,보행자,여,71세,경상
5915,2020091600100011,2020년 9월 16일 00시,수요일,경상북도 안동시 운흥동,중상사고,0,1,0,0,차대사람 - 기타,과속,포장 - 건조,맑음,단일로 - 기타,승용,여,22세,상해없음,보행자,남,33세,중상
5916,2020091600100170,2020년 9월 16일 10시,수요일,경상북도 포항시 북구 덕수동,중상사고,0,1,0,0,차대사람 - 차도통행중,안전운전불이행,포장 - 건조,맑음,단일로 - 기타,승용,여,31세,상해없음,보행자,여,78세,중상
5917,2020091600100279,2020년 9월 16일 14시,수요일,경상북도 경산시 중방동,경상사고,0,0,2,0,차대사람 - 기타,안전운전불이행,포장 - 건조,맑음,단일로 - 기타,승용,남,76세,기타불명,보행자,여,7세,경상
5918,2020091600100386,2020년 9월 16일 17시,수요일,경상북도 경산시 자인면,경상사고,0,0,1,0,차대사람 - 기타,교차로운행방법위반,포장 - 건조,맑음,교차로 - 교차로안,승용,여,49세,상해없음,보행자,여,63세,경상
5919,2020091600100426,2020년 9월 16일 18시,수요일,경상북도 영주시 영주동,중상사고,0,1,0,0,차대사람 - 기타,교차로운행방법위반,포장 - 건조,흐림,교차로 - 교차로안,승용,남,33세,기타불명,보행자,여,70세,중상
5920,2020091700100041,2020년 9월 17일 05시,목요일,경상북도 영주시 하망동,중상사고,0,1,0,0,차대사람 - 횡단중,보행자보호의무위반,포장 - 젖음/습기,맑음,교차로 - 교차로횡단보도내,승용,여,47세,상해없음,보행자,여,68세,중상
5921,2020091700100255,2020년 9월 17일 13시,목요일,경상북도 경산시 백천동,경상사고,0,0,1,0,차대사람 - 횡단중,안전운전불이행,포장 - 젖음/습기,흐림,단일로 - 기타,화물,남,71세,상해없음,보행자,여,21세,경상
5922,2020091700100315,2020년 9월 17일 15시,목요일,경상북도 포항시 북구 두호동,경상사고,0,0,1,0,차대사람 - 기타,보행자보호의무위반,포장 - 건조,맑음,교차로 - 교차로횡단보도내,승용,여,58세,상해없음,보행자,남,8세,경상
5923,2020091700100317,2020년 9월 17일 15시,목요일,경상북도 안동시 평화동,경상사고,0,0,1,0,차대사람 - 기타,안전운전불이행,포장 - 건조,맑음,단일로 - 기타,승용,여,54세,기타불명,보행자,여,63세,경상
5924,2020091700100476,2020년 9월 17일 19시,목요일,경상북도 칠곡군 왜관읍,경상사고,0,0,1,0,차대사람 - 횡단중,보행자보호의무위반,포장 - 젖음/습기,비,교차로 - 교차로횡단보도내,승용,남,52세,상해없음,보행자,여,45세,경상
5925,2020091700100514,2020년 9월 17일 20시,목요일,경상북도 구미시 원평동,경상사고,0,0,1,0,차대사람 - 기타,신호위반,포장 - 젖음/습기,비,단일로 - 기타,이륜,남,38세,상해없음,보행자,여,57세,경상
5926,2020091700100577,2020년 9월 17일 22시,목요일,경상북도 영천시 완산동,중상사고,0,1,0,0,차대사람 - 횡단중,보행자보호의무위반,포장 - 젖음/습기,비,교차로 - 교차로횡단보도내,승용,여,38세,상해없음,보행자,남,60세,중상
5927,2020091700100580,2020년 9월 17일 22시,목요일,경상북도 구미시 형곡동,중상사고,0,1,0,0,차대사람 - 차도통행중,안전운전불이행,포장 - 젖음/습기,비,교차로 - 교차로안,승용,남,48세,상해없음,보행자,남,22세,중상
5928,2020091700100595,2020년 9월 17일 23시,목요일,경상북도 영덕군 영해면,사망사고,1,0,0,0,차대사람 - 차도통행중,안전운전불이행,포장 - 젖음/습기,비,단일로 - 기타,화물,남,36세,상해없음,보행자,남,47세,사망
5929,2020091800100112,2020년 9월 18일 08시,금요일,경상북도 구미시 광평동,경상사고,0,0,1,0,차대사람 - 횡단중,안전운전불이행,포장 - 건조,맑음,교차로 - 교차로횡단보도내,승용,남,38세,상해없음,보행자,남,57세,경상
5930,2020091800100217,2020년 9월 18일 11시,금요일,경상북도 경산시 중방동,경상사고,0,0,1,0,차대사람 - 기타,안전운전불이행,포장 - 건조,맑음,단일로 - 기타,승용,남,54세,상해없음,보행자,여,47세,경상
5931,2020091800100253,2020년 9월 18일 12시,금요일,경상북도 상주시 공검면,중상사고,0,1,0,0,차대사람 - 기타,안전운전불이행,포장 - 건조,맑음,단일로 - 기타,승용,남,57세,상해없음,보행자,여,66세,중상
5932,2020091800100375,2020년 9월 18일 15시,금요일,경상북도 예천군 예천읍,중상사고,0,1,0,0,차대사람 - 기타,안전운전불이행,포장 - 건조,맑음,단일로 - 기타,화물,남,59세,상해없음,보행자,남,80세,중상
5933,2020091900100246,2020년 9월 19일 11시,토요일,경상북도 영천시 금호읍,중상사고,0,1,0,0,차대사람 - 길가장자리구역통행중,안전운전불이행,포장 - 건조,맑음,교차로 - 교차로안,화물,남,48세,상해없음,보행자,여,88세,중상
5934,2020091900100338,2020년 9월 19일 13시,토요일,경상북도 경주시 천북면,사망사고,1,0,0,0,차대사람 - 기타,안전운전불이행,포장 - 건조,맑음,교차로 - 교차로안,승용,남,48세,상해없음,보행자,남,71세,사망
5935,2020091900100485,2020년 9월 19일 16시,토요일,경상북도 포항시 북구 대신동,경상사고,0,0,1,0,차대사람 - 차도통행중,안전운전불이행,포장 - 건조,맑음,단일로 - 기타,승용,여,41세,상해없음,보행자,여,78세,경상
5936,2020092000100070,2020년 9월 20일 05시,일요일,경상북도 경주시 안강읍,중상사고,0,1,0,0,차대사람 - 횡단중,신호위반,포장 - 건조,맑음,교차로 - 교차로안,승용,남,55세,상해없음,보행자,여,48세,중상
5937,2020092000100102,2020년 9월 20일 08시,일요일,경상북도 안동시 옥동,중상사고,0,1,0,0,차대사람 - 횡단중,안전운전불이행,포장 - 건조,맑음,교차로 - 교차로안,승용,남,61세,상해없음,보행자,여,63세,중상
5938,2020092000100193,2020년 9월 20일 12시,일요일,경상북도 안동시 태화동,경상사고,0,0,1,0,차대사람 - 횡단중,안전운전불이행,포장 - 건조,맑음,단일로 - 기타,자전거,남,64세,상해없음,보행자,여,48세,경상
5939,2020092100100076,2020년 9월 21일 07시,월요일,경상북도 봉화군 봉성면,중상사고,0,1,0,0,차대사람 - 기타,안전운전불이행,포장 - 건조,맑음,기타 - 기타,화물,남,51세,상해없음,보행자,여,82세,중상
5940,2020092100100161,2020년 9월 21일 09시,월요일,경상북도 상주시 공성면,경상사고,0,0,1,0,차대사람 - 기타,안전운전불이행,포장 - 건조,맑음,단일로 - 기타,화물,남,71세,상해없음,보행자,여,89세,경상
5941,2020092100100237,2020년 9월 21일 11시,월요일,경상북도 영주시 영주동,경상사고,0,0,1,0,차대사람 - 기타,안전운전불이행,포장 - 건조,맑음,단일로 - 기타,승용,남,61세,상해없음,보행자,여,64세,경상
5942,2020092100100460,2020년 9월 21일 16시,월요일,경상북도 고령군 대가야읍,중상사고,0,1,0,0,차대사람 - 횡단중,보행자보호의무위반,포장 - 건조,맑음,단일로 - 기타,승용,여,46세,상해없음,보행자,여,17세,중상
5943,2020092100100557,2020년 9월 21일 18시,월요일,경상북도 경산시 상방동,중상사고,0,1,0,0,차대사람 - 횡단중,보행자보호의무위반,포장 - 건조,맑음,기타 - 기타,승용,남,64세,상해없음,보행자,여,62세,중상
5944,2020092100100686,2020년 9월 21일 21시,월요일,경상북도 군위군 군위읍,경상사고,0,0,1,0,차대사람 - 횡단중,보행자보호의무위반,포장 - 건조,맑음,단일로 - 기타,승용,여,31세,상해없음,보행자,남,65세,경상
5945,2020092200100244,2020년 9월 22일 11시,화요일,경상북도 구미시 형곡동,중상사고,0,1,0,0,차대사람 - 횡단중,안전운전불이행,포장 - 건조,맑음,교차로 - 교차로횡단보도내,화물,남,40세,상해없음,보행자,여,59세,중상
5946,2020092200100285,2020년 9월 22일 12시,화요일,경상북도 영주시 영주동,경상사고,0,0,1,0,차대사람 - 길가장자리구역통행중,안전운전불이행,포장 - 건조,맑음,단일로 - 기타,승용,여,46세,상해없음,보행자,남,51세,경상
5947,2020092200100286,2020년 9월 22일 12시,화요일,경상북도 영천시 북안면,중상사고,0,1,0,0,차대사람 - 기타,안전운전불이행,포장 - 건조,맑음,단일로 - 기타,승합,남,59세,상해없음,보행자,여,84세,중상
5948,2020092200100522,2020년 9월 22일 17시,화요일,경상북도 문경시 점촌동,중상사고,0,1,0,0,차대사람 - 기타,안전운전불이행,포장 - 건조,맑음,기타 - 기타,승합,남,53세,상해없음,보행자,여,76세,중상
5949,2020092200100579,2020년 9월 22일 18시,화요일,경상북도 경산시 사동,중상사고,0,1,0,0,차대사람 - 횡단중,기타,포장 - 건조,맑음,단일로 - 기타,이륜,남,27세,상해없음,보행자,여,53세,중상
5950,2020092200100581,2020년 9월 22일 18시,화요일,경상북도 포항시 남구 송도동,중상사고,0,1,0,0,차대사람 - 기타,안전운전불이행,포장 - 건조,맑음,단일로 - 기타,이륜,남,68세,상해없음,보행자,남,72세,중상
5951,2020092200100630,2020년 9월 22일 19시,화요일,경상북도 영천시 야사동,경상사고,0,0,1,0,차대사람 - 차도통행중,안전운전불이행,포장 - 건조,맑음,교차로 - 교차로안,승용,남,49세,상해없음,보행자,여,58세,경상
5952,2020092300100155,2020년 9월 23일 09시,수요일,경상북도 구미시 원평동,경상사고,0,0,1,0,차대사람 - 기타,기타,포장 - 건조,맑음,기타 - 기타,승합,남,63세,상해없음,보행자,남,20세,경상
5953,2020092300100282,2020년 9월 23일 13시,수요일,경상북도 성주군 선남면,중상사고,0,1,0,0,차대사람 - 기타,안전운전불이행,포장 - 건조,맑음,기타 - 기타,화물,남,32세,상해없음,보행자,남,58세,중상
5954,2020092300100404,2020년 9월 23일 16시,수요일,경상북도 영천시 북안면,중상사고,0,1,0,0,차대사람 - 횡단중,안전운전불이행,포장 - 건조,맑음,단일로 - 기타,승용,여,38세,상해없음,보행자,남,86세,중상
5955,2020092400100023,2020년 9월 24일 01시,목요일,경상북도 경주시 황오동,경상사고,0,0,1,0,차대사람 - 횡단중,신호위반,포장 - 젖음/습기,비,교차로 - 교차로부근,화물,남,69세,상해없음,보행자,남,44세,경상
5956,2020092400100134,2020년 9월 24일 08시,목요일,경상북도 칠곡군 동명면,중상사고,0,1,0,0,차대사람 - 기타,안전운전불이행,포장 - 건조,맑음,기타 - 기타,화물,남,48세,상해없음,보행자,여,58세,중상
5957,2020092400100262,2020년 9월 24일 12시,목요일,경상북도 영주시 영주동,경상사고,0,0,1,0,차대사람 - 기타,안전운전불이행,포장 - 건조,맑음,단일로 - 기타,화물,남,45세,상해없음,보행자,남,74세,경상
5958,2020092400100508,2020년 9월 24일 18시,목요일,경상북도 울진군 평해읍,중상사고,0,1,0,0,차대사람 - 차도통행중,중앙선침범,포장 - 건조,맑음,교차로 - 교차로안,승용,여,63세,상해없음,보행자,남,64세,중상
5959,2020092500100154,2020년 9월 25일 09시,금요일,경상북도 김천시 부항면,중상사고,0,1,0,0,차대사람 - 기타,안전운전불이행,포장 - 건조,맑음,교차로 - 교차로안,화물,남,67세,상해없음,보행자,여,90세,중상
5960,2020092500100155,2020년 9월 25일 09시,금요일,경상북도 경산시 대평동,중상사고,0,1,0,0,차대사람 - 기타,안전운전불이행,포장 - 건조,맑음,단일로 - 기타,승용,여,74세,상해없음,보행자,여,71세,중상
5961,2020092500100433,2020년 9월 25일 16시,금요일,경상북도 영주시 영주동,경상사고,0,0,1,0,차대사람 - 기타,안전운전불이행,포장 - 건조,맑음,기타 - 기타,승용,여,53세,상해없음,보행자,남,65세,경상
5962,2020092500100563,2020년 9월 25일 18시,금요일,경상북도 영주시 하망동,중상사고,0,1,0,0,차대사람 - 기타,안전운전불이행,포장 - 건조,맑음,기타 - 기타,승용,여,64세,상해없음,보행자,여,68세,중상
5963,2020092500100569,2020년 9월 25일 18시,금요일,경상북도 청도군 풍각면,중상사고,0,1,0,0,차대사람 - 횡단중,안전운전불이행,포장 - 건조,맑음,단일로 - 지하차도(도로)내,승용,여,65세,상해없음,보행자,여,69세,중상
5964,2020092500100624,2020년 9월 25일 19시,금요일,경상북도 포항시 북구 양덕동,경상사고,0,0,1,0,차대사람 - 횡단중,안전운전불이행,포장 - 건조,맑음,단일로 - 기타,기타불명,기타불명,미분류,기타불명,보행자,남,56세,경상
5965,2020092500100625,2020년 9월 25일 19시,금요일,경상북도 칠곡군 왜관읍,중상사고,0,1,0,0,차대사람 - 횡단중,안전운전불이행,포장 - 건조,맑음,교차로 - 교차로안,승용,여,66세,상해없음,보행자,여,75세,중상
5966,2020092500100626,2020년 9월 25일 19시,금요일,경상북도 문경시 점촌동,경상사고,0,0,1,0,차대사람 - 차도통행중,안전운전불이행,포장 - 건조,맑음,단일로 - 기타,기타불명,기타불명,미분류,기타불명,보행자,남,68세,경상
5967,2020092500100627,2020년 9월 25일 19시,금요일,경상북도 경산시 대평동,중상사고,0,1,0,0,차대사람 - 기타,안전운전불이행,포장 - 건조,맑음,교차로 - 교차로횡단보도내,승합,남,57세,상해없음,보행자,여,73세,중상
5968,2020092500100696,2020년 9월 25일 21시,금요일,경상북도 영천시 문외동,경상사고,0,0,1,0,차대사람 - 횡단중,안전운전불이행,포장 - 건조,맑음,교차로 - 교차로부근,승용,남,46세,상해없음,보행자,남,41세,경상
5969,2020092600100011,2020년 9월 26일 00시,토요일,경상북도 포항시 북구 죽도동,중상사고,0,1,0,0,차대사람 - 횡단중,안전운전불이행,포장 - 건조,맑음,단일로 - 기타,승용,남,65세,상해없음,보행자,남,50세,중상
5970,2020092600100283,2020년 9월 26일 12시,토요일,경상북도 영천시 임고면,경상사고,0,0,1,0,차대사람 - 횡단중,안전운전불이행,포장 - 건조,맑음,교차로 - 교차로안,화물,남,67세,상해없음,보행자,남,6세,경상
5971,2020092600100330,2020년 9월 26일 13시,토요일,경상북도 영덕군 영덕읍,중상사고,0,1,0,0,차대사람 - 기타,안전운전불이행,포장 - 건조,맑음,주차장 - 주차장,화물,남,58세,상해없음,보행자,남,60세,중상
5972,2020092600100332,2020년 9월 26일 13시,토요일,경상북도 구미시 원평동,경상사고,0,0,1,0,차대사람 - 차도통행중,안전운전불이행,포장 - 건조,맑음,교차로 - 교차로부근,화물,남,40세,상해없음,보행자,남,29세,경상
5973,2020092600100469,2020년 9월 26일 16시,토요일,경상북도 경산시 옥산동,경상사고,0,0,1,0,차대사람 - 횡단중,안전운전불이행,포장 - 건조,맑음,교차로 - 교차로안,승용,남,62세,상해없음,보행자,여,69세,경상
5974,2020092600100635,2020년 9월 26일 20시,토요일,경상북도 김천시 평화동,부상신고사고,0,0,0,1,차대사람 - 횡단중,안전운전불이행,포장 - 건조,맑음,단일로 - 기타,승용,여,29세,상해없음,보행자,여,59세,부상신고
5975,2020092700100241,2020년 9월 27일 13시,일요일,경상북도 경주시 양남면,중상사고,0,1,0,0,차대사람 - 횡단중,보행자보호의무위반,포장 - 건조,맑음,단일로 - 기타,승용,여,26세,상해없음,보행자,남,6세,중상
5976,2020092700100280,2020년 9월 27일 14시,일요일,경상북도 김천시 모암동,경상사고,0,0,1,0,차대사람 - 길가장자리구역통행중,안전운전불이행,포장 - 건조,맑음,단일로 - 기타,승용,남,44세,상해없음,보행자,남,43세,경상
5977,2020092700100493,2020년 9월 27일 20시,일요일,경상북도 경산시 백천동,경상사고,0,0,1,0,차대사람 - 길가장자리구역통행중,안전운전불이행,포장 - 건조,맑음,단일로 - 기타,승용,여,21세,상해없음,보행자,남,38세,경상
5978,2020092800100189,2020년 9월 28일 10시,월요일,경상북도 포항시 북구 덕수동,중상사고,0,1,0,0,차대사람 - 차도통행중,신호위반,포장 - 건조,맑음,교차로 - 교차로부근,이륜,남,24세,상해없음,보행자,남,66세,중상
5979,2020092800100239,2020년 9월 28일 11시,월요일,경상북도 경산시 자인면,사망사고,1,0,0,0,차대사람 - 기타,안전운전불이행,포장 - 건조,맑음,교차로 - 교차로안,화물,남,63세,상해없음,보행자,남,83세,사망
5980,2020092800100448,2020년 9월 28일 15시,월요일,경상북도 안동시 안기동,중상사고,0,1,0,0,차대사람 - 길가장자리구역통행중,안전운전불이행,포장 - 건조,맑음,단일로 - 기타,승용,남,77세,상해없음,보행자,남,47세,중상
5981,2020092800100505,2020년 9월 28일 16시,월요일,경상북도 포항시 북구 창포동,중상사고,0,1,0,0,차대사람 - 횡단중,보행자보호의무위반,포장 - 건조,맑음,교차로 - 교차로횡단보도내,승용,남,69세,상해없음,보행자,여,69세,중상
5982,2020092800100634,2020년 9월 28일 18시,월요일,경상북도 김천시 성내동,경상사고,0,0,1,0,차대사람 - 횡단중,보행자보호의무위반,포장 - 건조,맑음,교차로 - 교차로횡단보도내,승용,여,66세,상해없음,보행자,남,47세,경상
5983,2020092800100635,2020년 9월 28일 18시,월요일,경상북도 경산시 사동,중상사고,0,1,0,0,차대사람 - 횡단중,보행자보호의무위반,포장 - 건조,맑음,교차로 - 교차로안,승용,남,56세,상해없음,보행자,남,21세,중상
5984,2020092800100703,2020년 9월 28일 19시,월요일,경상북도 영주시 가흥동,중상사고,0,1,0,0,차대사람 - 횡단중,보행자보호의무위반,포장 - 건조,맑음,기타 - 기타,승용,남,52세,상해없음,보행자,여,52세,중상
5985,2020092800100704,2020년 9월 28일 19시,월요일,경상북도 칠곡군 지천면,사망사고,1,0,3,0,차대사람 - 차도통행중,안전운전불이행,포장 - 건조,기타,단일로 - 기타,승용,남,52세,경상,보행자,남,75세,사망
5986,2020092800100769,2020년 9월 28일 21시,월요일,경상북도 안동시 정하동,경상사고,0,0,1,0,차대사람 - 길가장자리구역통행중,안전운전불이행,포장 - 건조,맑음,교차로 - 교차로안,승용,남,53세,상해없음,보행자,여,46세,경상
5987,2020092800100826,2020년 9월 28일 23시,월요일,경상북도 김천시 지좌동,중상사고,0,1,0,0,차대사람 - 기타,안전운전불이행,포장 - 건조,맑음,단일로 - 기타,승용,여,45세,상해없음,보행자,여,57세,중상
5988,2020092900100245,2020년 9월 29일 11시,화요일,경상북도 김천시 율곡동,경상사고,0,0,1,0,차대사람 - 길가장자리구역통행중,안전운전불이행,포장 - 건조,맑음,단일로 - 기타,승용,여,55세,상해없음,보행자,남,41세,경상
5989,2020092900100326,2020년 9월 29일 13시,화요일,경상북도 경주시 시래동,사망사고,1,0,0,0,차대사람 - 차도통행중,안전운전불이행,포장 - 건조,맑음,단일로 - 기타,화물,남,49세,상해없음,보행자,남,84세,사망
5990,2020092900100388,2020년 9월 29일 14시,화요일,경상북도 경주시 안강읍,경상사고,0,0,1,0,차대사람 - 기타,안전운전불이행,포장 - 건조,맑음,단일로 - 기타,승용,남,63세,상해없음,보행자,여,46세,경상
5991,2020092900100450,2020년 9월 29일 15시,화요일,경상북도 청도군 풍각면,중상사고,0,1,0,0,차대사람 - 기타,불법유턴,포장 - 건조,맑음,교차로 - 교차로부근,화물,남,66세,상해없음,보행자,여,91세,중상
5992,2020092900100734,2020년 9월 29일 20시,화요일,경상북도 청도군 청도읍,경상사고,0,0,1,0,차대사람 - 횡단중,안전운전불이행,포장 - 건조,흐림,기타 - 기타,승용,여,36세,상해없음,보행자,남,57세,경상
5993,2020092900100783,2020년 9월 29일 21시,화요일,경상북도 구미시 원평동,경상사고,0,0,2,0,차대사람 - 기타,보행자보호의무위반,포장 - 건조,맑음,교차로 - 교차로부근,승용,여,48세,상해없음,보행자,남,31세,경상
5994,2020093000100014,2020년 9월 30일 00시,수요일,경상북도 구미시 황상동,경상사고,0,0,1,0,차대사람 - 기타,안전운전불이행,포장 - 건조,맑음,단일로 - 기타,승용,남,20세,상해없음,보행자,여,18세,경상
5995,2020093000100035,2020년 9월 30일 01시,수요일,경상북도 포항시 북구 죽도동,중상사고,0,1,0,0,차대사람 - 횡단중,안전운전불이행,포장 - 건조,맑음,단일로 - 기타,승용,남,70세,상해없음,보행자,여,64세,중상
5996,2020093000100160,2020년 9월 30일 10시,수요일,경상북도 상주시 남성동,중상사고,0,1,0,0,차대사람 - 기타,안전운전불이행,포장 - 건조,맑음,단일로 - 기타,화물,남,40세,상해없음,보행자,여,80세,중상
5997,2020093000100188,2020년 9월 30일 11시,수요일,경상북도 칠곡군 왜관읍,경상사고,0,0,1,0,차대사람 - 길가장자리구역통행중,안전운전불이행,포장 - 건조,맑음,단일로 - 기타,승용,남,62세,상해없음,보행자,남,44세,경상
5998,2020093000100404,2020년 9월 30일 18시,수요일,경상북도 경주시 안강읍,경상사고,0,0,1,0,차대사람 - 기타,기타,포장 - 기타,맑음,단일로 - 기타,승용,남,44세,상해없음,보행자,여,74세,경상
5999,2020093000100441,2020년 9월 30일 19시,수요일,경상북도 포항시 북구 죽도동,중상사고,0,1,0,0,차대사람 - 횡단중,안전운전불이행,포장 - 건조,맑음,단일로 - 기타,승용,남,24세,상해없음,보행자,남,63세,중상
6000,2020100100100027,2020년 10월 1일 02시,목요일,경상북도 김천시 신음동,경상사고,0,0,1,0,차대사람 - 길가장자리구역통행중,안전운전불이행,포장 - 건조,맑음,단일로 - 기타,승용,여,53세,상해없음,보행자,여,23세,경상