,사고번호,사고일시,요일,시군구,사고내용,사망자수,중상자수,경상자수,부상신고자수,사고유형,법규위반,노면상태,기상상태,도로형태,가해운전자 차종,가해운전자 성별,가해운전자 연령,가해운전자 상해정도,피해운전자 차종,피해운전자 성별,피해운전자 연령,피해운전자 상해정도
6001,2020100100100087,2020년 10월 1일 11시,목요일,경상북도 경산시 용성면,중상사고,0,1,0,0,차대사람 - 차도통행중,안전운전불이행,포장 - 건조,맑음,단일로 - 기타,승용,여,59세,상해없음,보행자,남,68세,중상
6002,2020100100100191,2020년 10월 1일 15시,목요일,경상북도 영천시 청통면,중상사고,0,1,0,0,차대사람 - 길가장자리구역통행중,안전운전불이행,포장 - 건조,맑음,단일로 - 기타,기타불명,기타불명,미분류,기타불명,보행자,여,73세,중상
6003,2020100100100287,2020년 10월 1일 20시,목요일,경상북도 구미시 원평동,부상신고사고,0,0,0,1,차대사람 - 기타,안전운전불이행,포장 - 건조,맑음,단일로 - 기타,이륜,남,42세,부상신고,보행자,남,53세,상해없음
6004,2020100200100029,2020년 10월 2일 03시,금요일,경상북도 포항시 북구 항구동,부상신고사고,0,0,0,1,차대사람 - 기타,안전운전불이행,포장 - 건조,맑음,단일로 - 기타,승용,남,25세,상해없음,보행자,남,18세,부상신고
6005,2020100200100281,2020년 10월 2일 18시,금요일,경상북도 영주시 상망동,경상사고,0,0,1,0,차대사람 - 횡단중,보행자보호의무위반,포장 - 건조,맑음,단일로 - 기타,승용,여,60세,상해없음,보행자,여,55세,경상
6006,2020100200100392,2020년 10월 2일 22시,금요일,경상북도 구미시 원평동,경상사고,0,0,1,0,차대사람 - 기타,안전운전불이행,포장 - 건조,맑음,단일로 - 기타,승용,남,26세,상해없음,보행자,남,22세,경상
6007,2020100300100034,2020년 10월 3일 02시,토요일,경상북도 영주시 가흥동,중상사고,0,1,0,0,차대사람 - 횡단중,안전운전불이행,포장 - 건조,맑음,기타 - 기타,승용,남,38세,기타불명,보행자,남,19세,중상
6008,2020100300100303,2020년 10월 3일 17시,토요일,경상북도 구미시 원평동,경상사고,0,0,2,0,차대사람 - 기타,안전운전불이행,포장 - 건조,맑음,교차로 - 교차로부근,승용,여,59세,상해없음,보행자,여,12세,경상
6009,2020100400100037,2020년 10월 4일 02시,일요일,경상북도 김천시 신음동,경상사고,0,0,1,0,차대사람 - 차도통행중,안전운전불이행,포장 - 건조,맑음,단일로 - 기타,승용,남,37세,상해없음,보행자,남,25세,경상
6010,2020100400100228,2020년 10월 4일 15시,일요일,경상북도 고령군 대가야읍,경상사고,0,0,1,0,차대사람 - 기타,안전운전불이행,포장 - 건조,맑음,단일로 - 기타,승용,남,62세,상해없음,보행자,여,38세,경상
6011,2020100400100312,2020년 10월 4일 18시,일요일,경상북도 경주시 황남동,경상사고,0,0,1,0,차대사람 - 길가장자리구역통행중,안전운전불이행,포장 - 건조,맑음,단일로 - 기타,승용,여,28세,상해없음,보행자,여,31세,경상
6012,2020100500100155,2020년 10월 5일 09시,월요일,경상북도 영덕군 강구면,경상사고,0,0,1,0,차대사람 - 기타,안전운전불이행,포장 - 건조,맑음,기타 - 기타,승합,남,59세,상해없음,보행자,여,65세,경상
6013,2020100500100355,2020년 10월 5일 14시,월요일,경상북도 포항시 남구 오천읍,경상사고,0,0,1,0,차대사람 - 횡단중,안전운전불이행,포장 - 건조,맑음,교차로 - 교차로안,승용,남,62세,상해없음,보행자,여,61세,경상
6014,2020100500100486,2020년 10월 5일 17시,월요일,경상북도 청송군 주왕산면,사망사고,1,0,0,0,차대사람 - 횡단중,안전운전불이행,포장 - 건조,맑음,교차로 - 교차로안,화물,남,66세,상해없음,보행자,여,81세,사망
6015,2020100500100531,2020년 10월 5일 18시,월요일,경상북도 포항시 북구 두호동,부상신고사고,0,0,0,1,차대사람 - 기타,안전운전불이행,포장 - 건조,맑음,단일로 - 기타,승용,남,51세,상해없음,보행자,여,73세,부상신고
6016,2020100600100179,2020년 10월 6일 10시,화요일,경상북도 안동시 송현동,중상사고,0,1,0,0,차대사람 - 길가장자리구역통행중,안전운전불이행,포장 - 건조,맑음,단일로 - 기타,화물,남,45세,상해없음,보행자,여,77세,중상
6017,2020100600100182,2020년 10월 6일 10시,화요일,경상북도 영주시 가흥동,경상사고,0,0,1,0,차대사람 - 기타,안전운전불이행,포장 - 건조,맑음,단일로 - 기타,화물,남,49세,상해없음,보행자,여,68세,경상
6018,2020100600100255,2020년 10월 6일 12시,화요일,경상북도 울진군 북면,중상사고,0,1,0,0,차대사람 - 횡단중,보행자보호의무위반,포장 - 건조,맑음,교차로 - 교차로부근,승용,여,74세,상해없음,보행자,여,92세,중상
6019,2020100600100331,2020년 10월 6일 14시,화요일,경상북도 경주시 외동읍,부상신고사고,0,0,0,1,차대사람 - 기타,안전운전불이행,포장 - 건조,맑음,교차로 - 교차로부근,승용,여,67세,상해없음,보행자,남,66세,부상신고
6020,2020100700100166,2020년 10월 7일 10시,수요일,경상북도 포항시 남구 연일읍,중상사고,0,1,0,0,차대사람 - 기타,안전운전불이행,포장 - 건조,맑음,단일로 - 기타,자전거,남,53세,상해없음,보행자,여,51세,중상
6021,2020100700100340,2020년 10월 7일 15시,수요일,경상북도 포항시 남구 대도동,경상사고,0,0,1,0,차대사람 - 기타,안전운전불이행,포장 - 건조,맑음,단일로 - 기타,승용,남,68세,상해없음,보행자,여,22세,경상
6022,2020100700100525,2020년 10월 7일 19시,수요일,경상북도 구미시 진평동,경상사고,0,0,1,0,차대사람 - 기타,안전운전불이행,포장 - 건조,맑음,단일로 - 기타,승합,남,32세,상해없음,보행자,남,47세,경상
6023,2020100800100138,2020년 10월 8일 08시,목요일,경상북도 포항시 북구 죽도동,부상신고사고,0,0,0,1,차대사람 - 보도통행중,안전운전불이행,포장 - 건조,맑음,교차로 - 교차로안,화물,남,52세,상해없음,보행자,여,59세,부상신고
6024,2020100800100144,2020년 10월 8일 08시,목요일,경상북도 구미시 공단동,경상사고,0,0,1,0,차대사람 - 보도통행중,기타,포장 - 건조,맑음,단일로 - 기타,자전거,여,31세,상해없음,보행자,남,5세,경상
6025,2020100800100188,2020년 10월 8일 09시,목요일,경상북도 영양군 영양읍,중상사고,0,1,0,0,차대사람 - 횡단중,중앙선침범,포장 - 건조,맑음,교차로 - 교차로부근,승용,남,75세,상해없음,보행자,여,82세,중상
6026,2020100800100406,2020년 10월 8일 15시,목요일,경상북도 포항시 남구 송도동,중상사고,0,1,0,0,차대사람 - 기타,안전운전불이행,포장 - 건조,맑음,교차로 - 교차로부근,승합,남,46세,상해없음,보행자,남,7세,중상
6027,2020100800100565,2020년 10월 8일 18시,목요일,경상북도 구미시 봉곡동,경상사고,0,0,1,0,차대사람 - 횡단중,보행자보호의무위반,포장 - 건조,맑음,교차로 - 교차로부근,이륜,남,39세,상해없음,보행자,여,10세,경상
6028,2020100800100637,2020년 10월 8일 19시,목요일,경상북도 포항시 북구 장성동,중상사고,0,1,0,0,차대사람 - 횡단중,중앙선침범,포장 - 건조,맑음,교차로 - 교차로횡단보도내,화물,남,76세,상해없음,보행자,남,50세,중상
6029,2020100800100639,2020년 10월 8일 19시,목요일,경상북도 포항시 남구 오천읍,경상사고,0,0,1,0,차대사람 - 횡단중,보행자보호의무위반,포장 - 건조,맑음,교차로 - 교차로안,승용,남,25세,상해없음,보행자,여,22세,경상
6030,2020100800100747,2020년 10월 8일 22시,목요일,경상북도 구미시 진평동,경상사고,0,0,1,0,차대사람 - 기타,안전운전불이행,포장 - 건조,맑음,교차로 - 교차로부근,승용,남,45세,상해없음,보행자,남,43세,경상
6031,2020100900100229,2020년 10월 9일 12시,금요일,경상북도 김천시 평화동,중상사고,0,1,0,0,차대사람 - 차도통행중,안전운전불이행,포장 - 건조,맑음,단일로 - 기타,승용,남,57세,상해없음,보행자,여,75세,중상
6032,2020100900100264,2020년 10월 9일 13시,금요일,경상북도 경주시 황남동,중상사고,0,1,0,0,차대사람 - 길가장자리구역통행중,안전운전불이행,포장 - 건조,맑음,단일로 - 기타,승용,여,31세,상해없음,보행자,여,19세,중상
6033,2020100900100433,2020년 10월 9일 18시,금요일,경상북도 안동시 풍산읍,중상사고,0,1,0,0,차대사람 - 기타,안전운전불이행,포장 - 건조,맑음,단일로 - 기타,승용,여,63세,상해없음,보행자,남,18세,중상
6034,2020100900100523,2020년 10월 9일 20시,금요일,경상북도 안동시 용상동,경상사고,0,0,1,0,차대사람 - 기타,보행자보호의무위반,포장 - 건조,맑음,단일로 - 기타,승용,여,61세,상해없음,보행자,여,20세,경상
6035,2020100900100524,2020년 10월 9일 20시,금요일,경상북도 영주시 가흥동,경상사고,0,0,1,0,차대사람 - 기타,안전운전불이행,포장 - 건조,맑음,단일로 - 기타,승용,여,68세,상해없음,보행자,남,42세,경상
6036,2020100900100548,2020년 10월 9일 21시,금요일,경상북도 경주시 황성동,중상사고,0,1,0,0,차대사람 - 기타,안전운전불이행,포장 - 건조,맑음,교차로 - 교차로부근,승용,남,62세,상해없음,보행자,여,41세,중상
6037,2020100900100592,2020년 10월 9일 23시,금요일,경상북도 경산시 진량읍,중상사고,0,1,0,0,차대사람 - 횡단중,신호위반,포장 - 건조,맑음,단일로 - 기타,이륜,남,22세,상해없음,보행자,여,63세,중상
6038,2020101000100192,2020년 10월 10일 11시,토요일,경상북도 성주군 수륜면,중상사고,0,1,0,0,차대사람 - 기타,기타,포장 - 건조,맑음,단일로 - 기타,승용,여,61세,상해없음,보행자,여,73세,중상
6039,2020101000100266,2020년 10월 10일 13시,토요일,경상북도 김천시 아포읍,중상사고,0,1,0,0,차대사람 - 차도통행중,안전운전불이행,포장 - 건조,맑음,기타 - 기타,승용,남,34세,상해없음,보행자,남,3세,중상
6040,2020101000100346,2020년 10월 10일 15시,토요일,경상북도 영천시 완산동,경상사고,0,0,1,0,차대사람 - 기타,보행자보호의무위반,포장 - 건조,맑음,교차로 - 교차로부근,화물,남,49세,상해없음,보행자,여,57세,경상
6041,2020101000100388,2020년 10월 10일 16시,토요일,경상북도 안동시 옥동,중상사고,0,1,1,0,차대사람 - 횡단중,신호위반,포장 - 건조,맑음,교차로 - 교차로안,승용,여,51세,경상,보행자,여,78세,중상
6042,2020101000100429,2020년 10월 10일 17시,토요일,경상북도 경산시 대동,중상사고,0,1,0,0,차대사람 - 기타,기타,포장 - 건조,맑음,단일로 - 기타,승합,남,49세,기타불명,보행자,여,50세,중상
6043,2020101000100471,2020년 10월 10일 18시,토요일,경상북도 청도군 운문면,경상사고,0,0,1,0,차대사람 - 횡단중,안전운전불이행,포장 - 건조,맑음,교차로 - 교차로안,화물,남,53세,상해없음,보행자,남,59세,경상
6044,2020101000100537,2020년 10월 10일 20시,토요일,경상북도 경산시 진량읍,중상사고,0,1,0,0,차대사람 - 횡단중,안전운전불이행,포장 - 건조,맑음,단일로 - 기타,이륜,남,20세,상해없음,보행자,여,46세,중상
6045,2020101100100140,2020년 10월 11일 11시,일요일,경상북도 김천시 지좌동,경상사고,0,0,1,1,차대사람 - 차도통행중,안전운전불이행,포장 - 건조,맑음,단일로 - 기타,승용,여,33세,경상,보행자,남,38세,부상신고
6046,2020101100100141,2020년 10월 11일 11시,일요일,경상북도 영천시 금호읍,중상사고,0,1,0,0,차대사람 - 기타,안전운전불이행,포장 - 건조,맑음,단일로 - 기타,승용,여,55세,상해없음,보행자,여,70세,중상
6047,2020101100100191,2020년 10월 11일 13시,일요일,경상북도 의성군 의성읍,경상사고,0,0,1,0,차대사람 - 보도통행중,기타,포장 - 건조,맑음,교차로 - 교차로안,승용,남,29세,상해없음,보행자,남,50세,경상
6048,2020101100100358,2020년 10월 11일 18시,일요일,경상북도 경산시 대정동,중상사고,0,1,0,0,차대사람 - 기타,안전운전불이행,포장 - 건조,맑음,단일로 - 기타,승용,여,53세,상해없음,보행자,남,75세,중상
6049,2020101100100428,2020년 10월 11일 20시,일요일,경상북도 안동시 동부동,중상사고,0,1,0,0,차대사람 - 기타,보행자보호의무위반,포장 - 건조,맑음,단일로 - 기타,승용,남,74세,상해없음,보행자,여,69세,중상
6050,2020101200100239,2020년 10월 12일 11시,월요일,경상북도 의성군 의성읍,중상사고,0,2,0,0,차대사람 - 기타,안전운전불이행,포장 - 건조,맑음,기타 - 기타,승용,남,81세,상해없음,보행자,여,49세,중상
6051,2020101200100240,2020년 10월 12일 11시,월요일,경상북도 구미시 광평동,경상사고,0,0,1,0,차대사람 - 기타,기타,포장 - 건조,맑음,단일로 - 기타,화물,남,50세,상해없음,보행자,남,31세,경상
6052,2020101200100442,2020년 10월 12일 16시,월요일,경상북도 경주시 노서동,중상사고,0,1,0,0,차대사람 - 횡단중,신호위반,포장 - 건조,맑음,단일로 - 기타,승용,여,68세,상해없음,보행자,여,64세,중상
6053,2020101200100554,2020년 10월 12일 18시,월요일,경상북도 칠곡군 북삼읍,중상사고,0,1,0,0,차대사람 - 기타,기타,포장 - 건조,맑음,단일로 - 기타,화물,남,60세,상해없음,보행자,남,15세,중상
6054,2020101200100610,2020년 10월 12일 19시,월요일,경상북도 경주시 황성동,중상사고,0,1,0,0,차대사람 - 횡단중,보행자보호의무위반,포장 - 건조,맑음,교차로 - 교차로횡단보도내,이륜,남,16세,상해없음,보행자,여,25세,중상
6055,2020101300100005,2020년 10월 13일 00시,화요일,경상북도 포항시 북구 죽도동,경상사고,0,0,1,0,차대사람 - 기타,보행자보호의무위반,포장 - 건조,맑음,교차로 - 교차로부근,승용,남,62세,상해없음,보행자,남,19세,경상
6056,2020101300100064,2020년 10월 13일 07시,화요일,경상북도 영주시 휴천동,중상사고,0,1,0,0,차대사람 - 횡단중,보행자보호의무위반,포장 - 건조,맑음,교차로 - 교차로안,승용,여,45세,상해없음,보행자,여,68세,중상
6057,2020101300100065,2020년 10월 13일 07시,화요일,경상북도 경산시 압량면,경상사고,0,0,1,0,차대사람 - 기타,안전운전불이행,포장 - 건조,맑음,단일로 - 기타,승용,남,58세,상해없음,보행자,남,58세,경상
6058,2020101300100139,2020년 10월 13일 09시,화요일,경상북도 경주시 서면,중상사고,0,1,0,0,차대사람 - 기타,안전운전불이행,포장 - 건조,맑음,단일로 - 교량,화물,남,43세,상해없음,보행자,여,95세,중상
6059,2020101300100171,2020년 10월 13일 10시,화요일,경상북도 김천시 평화동,경상사고,0,0,1,0,차대사람 - 보도통행중,신호위반,포장 - 건조,맑음,교차로 - 교차로횡단보도내,화물,남,52세,상해없음,보행자,남,65세,경상
6060,2020101300100173,2020년 10월 13일 10시,화요일,경상북도 상주시 공성면,중상사고,0,1,0,0,차대사람 - 기타,안전운전불이행,포장 - 건조,맑음,단일로 - 기타,승용,여,41세,상해없음,보행자,남,60세,중상
6061,2020101300100365,2020년 10월 13일 15시,화요일,경상북도 포항시 북구 죽도동,경상사고,0,0,1,0,차대사람 - 기타,안전운전불이행,포장 - 건조,맑음,단일로 - 기타,기타불명,기타불명,미분류,기타불명,보행자,여,78세,경상
6062,2020101300100620,2020년 10월 13일 21시,화요일,경상북도 경산시 옥산동,중상사고,0,1,0,0,차대사람 - 횡단중,보행자보호의무위반,포장 - 건조,맑음,교차로 - 교차로횡단보도내,승용,남,30세,상해없음,보행자,여,71세,중상
6063,2020101400100177,2020년 10월 14일 10시,수요일,경상북도 경주시 신평동,중상사고,0,1,0,0,차대사람 - 길가장자리구역통행중,안전운전불이행,포장 - 건조,맑음,단일로 - 기타,건설기계,남,47세,상해없음,보행자,남,38세,중상
6064,2020101400100416,2020년 10월 14일 17시,수요일,경상북도 포항시 남구 송도동,중상사고,0,1,0,0,차대사람 - 기타,기타,포장 - 건조,맑음,단일로 - 기타,승용,남,29세,상해없음,보행자,여,62세,중상
6065,2020101400100475,2020년 10월 14일 18시,수요일,경상북도 예천군 예천읍,중상사고,0,1,0,0,차대사람 - 차도통행중,안전운전불이행,포장 - 건조,맑음,단일로 - 기타,승용,여,74세,상해없음,보행자,여,77세,중상
6066,2020101400100479,2020년 10월 14일 18시,수요일,경상북도 포항시 남구 대잠동,중상사고,0,1,1,0,차대사람 - 횡단중,보행자보호의무위반,포장 - 건조,맑음,교차로 - 교차로횡단보도내,이륜,남,24세,경상,보행자,남,54세,중상
6067,2020101400100539,2020년 10월 14일 19시,수요일,경상북도 구미시 고아읍,경상사고,0,0,1,0,차대사람 - 기타,보행자보호의무위반,포장 - 건조,맑음,교차로 - 교차로횡단보도내,화물,남,47세,상해없음,보행자,남,53세,경상
6068,2020101400100622,2020년 10월 14일 22시,수요일,경상북도 영천시 청통면,중상사고,0,1,0,0,차대사람 - 차도통행중,안전운전불이행,포장 - 건조,맑음,단일로 - 교량,승용,남,25세,상해없음,보행자,남,55세,중상
6069,2020101500100010,2020년 10월 15일 00시,목요일,경상북도 영천시 망정동,경상사고,0,0,1,0,차대사람 - 횡단중,안전운전불이행,포장 - 건조,맑음,단일로 - 기타,승용,남,66세,상해없음,보행자,남,18세,경상
6070,2020101500100110,2020년 10월 15일 08시,목요일,경상북도 경주시 황성동,경상사고,0,0,1,0,차대사람 - 횡단중,안전운전불이행,포장 - 건조,맑음,교차로 - 교차로안,화물,남,51세,상해없음,보행자,여,78세,경상
6071,2020101500100220,2020년 10월 15일 11시,목요일,경상북도 경주시 황성동,중상사고,0,1,0,0,차대사람 - 횡단중,안전운전불이행,포장 - 건조,맑음,교차로 - 교차로안,승용,여,40세,상해없음,보행자,남,66세,중상
6072,2020101500100223,2020년 10월 15일 11시,목요일,경상북도 구미시 공단동,중상사고,0,1,0,0,차대사람 - 기타,보행자보호의무위반,포장 - 건조,맑음,단일로 - 기타,화물,남,47세,상해없음,보행자,여,80세,중상
6073,2020101500100304,2020년 10월 15일 13시,목요일,경상북도 경주시 안강읍,중상사고,0,1,0,0,차대사람 - 차도통행중,안전운전불이행,포장 - 건조,맑음,교차로 - 교차로안,승용,여,55세,상해없음,보행자,남,76세,중상
6074,2020101500100305,2020년 10월 15일 13시,목요일,경상북도 경주시 사정동,경상사고,0,0,1,0,차대사람 - 보도통행중,안전운전불이행,포장 - 건조,맑음,단일로 - 지하차도(도로)내,승용,남,20세,상해없음,보행자,남,32세,경상
6075,2020101500100476,2020년 10월 15일 17시,목요일,경상북도 포항시 남구 오천읍,경상사고,0,0,1,0,차대사람 - 차도통행중,안전운전불이행,포장 - 건조,맑음,단일로 - 기타,승용,여,67세,상해없음,보행자,여,42세,경상
6076,2020101500100477,2020년 10월 15일 17시,목요일,경상북도 포항시 남구 연일읍,중상사고,0,1,0,0,차대사람 - 기타,신호위반,포장 - 건조,맑음,단일로 - 기타,화물,남,70세,상해없음,보행자,여,49세,중상
6077,2020101500100548,2020년 10월 15일 18시,목요일,경상북도 영주시 조암동,중상사고,0,1,0,0,차대사람 - 횡단중,안전운전불이행,포장 - 건조,맑음,단일로 - 기타,승용,남,44세,상해없음,보행자,남,61세,중상
6078,2020101500100552,2020년 10월 15일 18시,목요일,경상북도 구미시 고아읍,중상사고,0,1,0,0,차대사람 - 횡단중,안전운전불이행,포장 - 건조,맑음,단일로 - 기타,승용,남,54세,상해없음,보행자,여,71세,중상
6079,2020101500100609,2020년 10월 15일 19시,목요일,경상북도 영덕군 강구면,중상사고,0,1,0,0,차대사람 - 횡단중,안전운전불이행,포장 - 건조,맑음,단일로 - 기타,화물,남,41세,상해없음,보행자,남,74세,중상
6080,2020101600100070,2020년 10월 16일 07시,금요일,경상북도 경주시 노서동,경상사고,0,0,1,0,차대사람 - 보도통행중,기타,포장 - 건조,맑음,기타 - 기타,자전거,남,15세,상해없음,보행자,남,68세,경상
6081,2020101600100071,2020년 10월 16일 07시,금요일,경상북도 안동시 풍천면,중상사고,0,1,0,0,차대사람 - 기타,신호위반,포장 - 건조,맑음,단일로 - 기타,승용,남,53세,상해없음,보행자,남,39세,중상
6082,2020101600100072,2020년 10월 16일 07시,금요일,경상북도 의성군 다인면,중상사고,0,1,0,0,차대사람 - 길가장자리구역통행중,안전운전불이행,포장 - 건조,맑음,단일로 - 기타,화물,남,31세,상해없음,보행자,여,73세,중상
6083,2020101600100555,2020년 10월 16일 19시,금요일,경상북도 경산시 사동,중상사고,0,1,0,0,차대사람 - 횡단중,신호위반,포장 - 건조,맑음,교차로 - 교차로횡단보도내,원동기,남,18세,상해없음,보행자,여,27세,중상
6084,2020101700100020,2020년 10월 17일 00시,토요일,경상북도 포항시 북구 죽도동,경상사고,0,0,1,0,차대사람 - 기타,안전운전불이행,포장 - 건조,맑음,단일로 - 기타,승용,남,59세,상해없음,보행자,여,31세,경상
6085,2020101700100491,2020년 10월 17일 17시,토요일,경상북도 경산시 상방동,중상사고,0,1,0,0,차대사람 - 횡단중,안전운전불이행,포장 - 건조,맑음,단일로 - 기타,승용,남,60세,상해없음,보행자,여,58세,중상
6086,2020101700100547,2020년 10월 17일 18시,토요일,경상북도 포항시 북구 장성동,중상사고,0,1,0,0,차대사람 - 횡단중,안전운전불이행,포장 - 건조,맑음,교차로 - 교차로안,승용,여,39세,상해없음,보행자,여,71세,중상
6087,2020101700100680,2020년 10월 17일 21시,토요일,경상북도 청도군 청도읍,경상사고,0,0,1,0,차대사람 - 차도통행중,안전운전불이행,포장 - 건조,기타,교차로 - 교차로부근,승용,여,53세,상해없음,보행자,남,15세,경상
6088,2020101700100728,2020년 10월 17일 23시,토요일,경상북도 김천시 부곡동,경상사고,0,0,1,0,차대사람 - 보도통행중,신호위반,포장 - 건조,맑음,단일로 - 기타,승용,남,26세,상해없음,보행자,남,21세,경상
6089,2020101800100119,2020년 10월 18일 09시,일요일,경상북도 영덕군 지품면,중상사고,0,1,0,0,차대사람 - 횡단중,안전운전불이행,포장 - 건조,맑음,단일로 - 기타,승용,여,65세,상해없음,보행자,남,75세,중상
6090,2020101800100301,2020년 10월 18일 15시,일요일,경상북도 문경시 점촌동,경상사고,0,0,1,0,차대사람 - 차도통행중,안전운전불이행,포장 - 건조,맑음,교차로 - 교차로안,승용,여,49세,상해없음,보행자,남,65세,경상
6091,2020101800100443,2020년 10월 18일 18시,일요일,경상북도 경주시 양북면,경상사고,0,0,1,0,차대사람 - 차도통행중,안전운전불이행,포장 - 건조,맑음,단일로 - 기타,승용,남,79세,상해없음,보행자,여,53세,경상
6092,2020101800100444,2020년 10월 18일 18시,일요일,경상북도 포항시 북구 기계면,사망사고,1,1,0,0,차대사람 - 횡단중,안전운전불이행,포장 - 건조,맑음,단일로 - 기타,화물,남,70세,상해없음,보행자,여,42세,사망
6093,2020101800100484,2020년 10월 18일 19시,일요일,경상북도 김천시 용두동,중상사고,0,1,0,0,차대사람 - 보도통행중,보행자보호의무위반,포장 - 건조,기타,교차로 - 교차로횡단보도내,승용,남,33세,상해없음,보행자,여,68세,중상
6094,2020101800100485,2020년 10월 18일 19시,일요일,경상북도 울진군 죽변면,경상사고,0,0,1,0,차대사람 - 기타,안전운전불이행,포장 - 건조,맑음,주차장 - 주차장,승용,여,68세,상해없음,보행자,여,24세,경상
6095,2020101800100513,2020년 10월 18일 20시,일요일,경상북도 칠곡군 석적읍,경상사고,0,0,2,0,차대사람 - 길가장자리구역통행중,안전운전불이행,포장 - 건조,맑음,교차로 - 교차로부근,승용,여,32세,상해없음,보행자,여,45세,경상
6096,2020101800100534,2020년 10월 18일 21시,일요일,경상북도 경산시 중방동,경상사고,0,0,1,0,차대사람 - 횡단중,보행자보호의무위반,포장 - 건조,맑음,교차로 - 교차로안,승용,여,69세,상해없음,보행자,여,26세,경상
6097,2020101900100040,2020년 10월 19일 05시,월요일,경상북도 경주시 동천동,경상사고,0,0,1,0,차대사람 - 차도통행중,안전운전불이행,포장 - 건조,맑음,기타 - 기타,승용,남,34세,상해없음,보행자,남,19세,경상
6098,2020101900100225,2020년 10월 19일 10시,월요일,경상북도 구미시 고아읍,중상사고,0,1,0,0,차대사람 - 횡단중,안전운전불이행,포장 - 건조,맑음,교차로 - 교차로안,승용,여,72세,상해없음,보행자,여,85세,중상
6099,2020101900100343,2020년 10월 19일 13시,월요일,경상북도 포항시 북구 창포동,경상사고,0,0,1,0,차대사람 - 차도통행중,안전운전불이행,포장 - 건조,맑음,교차로 - 교차로부근,승용,여,49세,상해없음,보행자,여,79세,경상
6100,2020101900100345,2020년 10월 19일 13시,월요일,경상북도 안동시 운안동,경상사고,0,0,1,0,차대사람 - 보도통행중,기타,포장 - 건조,맑음,단일로 - 기타,이륜,남,21세,상해없음,보행자,여,53세,경상
6101,2020101900100384,2020년 10월 19일 14시,월요일,경상북도 영주시 영주동,중상사고,0,1,0,0,차대사람 - 기타,안전운전불이행,포장 - 건조,맑음,단일로 - 기타,화물,남,78세,상해없음,보행자,남,78세,중상
6102,2020101900100471,2020년 10월 19일 16시,월요일,경상북도 예천군 예천읍,중상사고,0,1,0,0,차대사람 - 차도통행중,안전운전불이행,포장 - 건조,맑음,단일로 - 기타,승용,여,59세,상해없음,보행자,남,64세,중상
6103,2020101900100631,2020년 10월 19일 19시,월요일,경상북도 영천시 야사동,경상사고,0,0,1,0,차대사람 - 기타,안전운전불이행,포장 - 건조,맑음,단일로 - 기타,승용,여,41세,상해없음,보행자,남,49세,경상
6104,2020101900100658,2020년 10월 19일 20시,월요일,경상북도 김천시 대광동,경상사고,0,0,1,0,차대사람 - 길가장자리구역통행중,안전운전불이행,포장 - 건조,기타,단일로 - 기타,자전거,남,38세,상해없음,보행자,여,65세,경상
6105,2020102000100004,2020년 10월 20일 00시,화요일,경상북도 안동시 안흥동,경상사고,0,0,1,0,차대사람 - 횡단중,보행자보호의무위반,포장 - 건조,맑음,교차로 - 교차로횡단보도내,승용,남,78세,상해없음,보행자,여,58세,경상
6106,2020102000100109,2020년 10월 20일 08시,화요일,경상북도 경주시 외동읍,중상사고,0,2,1,0,차대사람 - 길가장자리구역통행중,과속,포장 - 건조,맑음,단일로 - 기타,승용,남,78세,중상,보행자,여,24세,중상
6107,2020102000100185,2020년 10월 20일 10시,화요일,경상북도 구미시 임은동,경상사고,0,0,1,0,차대사람 - 기타,안전운전불이행,포장 - 건조,맑음,교차로 - 교차로부근,화물,남,40세,상해없음,보행자,남,17세,경상